1776616694.4425926 [INFO] [yasmin_viewer_node-21]: process started with pid [329130]
1776616698.8838975 [ekf_node-9] [WARN] [1776616698.883592795] [ekf_filter_node]: Warning: Some position entries in parameter imu0_config are set to true, but the sensor_msgs/Imu message contains no linear velocity data
1776616704.7019956 [rtabmap-8] [33m[ WARN] (2026-04-19 18:38:20.793) MsgConversion.cpp:2010::getTransform() (getting transform odom -> base_link) Lookup would require extrapolation into the past.  Requested time 0.199000 but the earliest data is at time 0.265000, when looking up transform from frame [base_link] to frame [odom] (wait_for_transform=0.200000)[0m
1776616704.7021141 [rtabmap-8] [33m[ WARN] (2026-04-19 18:38:21.114) MsgConversion.cpp:2010::getTransform() (getting transform base_link -> rover/base_link/imu_sensor) "rover/base_link/imu_sensor" passed to lookupTransform argument source_frame does not exist.  (wait_for_transform=0.200000)[0m
1776616704.7021558 [rtabmap-8] [33m[ WARN] (2026-04-19 18:38:21.140) Memory.cpp:5917::createSignature() Mem/SaveDepth16Format is set to false to use 32bits format but this is not compatible with the compressed depth format chosen (Mem/DepthCompressionFormat=".rvl"), depth images will be compressed in ".png" format instead. Explicitly set Mem/SaveDepth16Format to true to keep using ".rvl" format and images will be converted to 16bits for convenience (warning: that would remove all depth values over 65 meters). Explicitly set Mem/DepthCompressionFormat=".png" to suppress this warning. This warning is only printed once.[0m
1776616704.7022028 [rtabmap-8] [33m[ WARN] (2026-04-19 18:38:21.214) MapsManager.cpp:863::publishMaps() Graph has changed! The whole cloud is regenerated.[0m
1776616704.7022324 [rtabmap-8] [33m[ WARN] (2026-04-19 18:38:22.100) MsgConversion.cpp:2010::getTransform() (getting transform base_link -> rover/base_link/imu_sensor) "rover/base_link/imu_sensor" passed to lookupTransform argument source_frame does not exist.  (wait_for_transform=0.200000)[0m
1776616704.7022595 [rtabmap-8] [33m[ WARN] (2026-04-19 18:38:23.260) MsgConversion.cpp:2010::getTransform() (getting transform base_link -> rover/base_link/imu_sensor) "rover/base_link/imu_sensor" passed to lookupTransform argument source_frame does not exist.  (wait_for_transform=0.200000)[0m
1776616704.7022848 [rtabmap-8] [33m[ WARN] (2026-04-19 18:38:24.328) MsgConversion.cpp:2010::getTransform() (getting transform base_link -> rover/base_link/imu_sensor) "rover/base_link/imu_sensor" passed to lookupTransform argument source_frame does not exist.  (wait_for_transform=0.200000)[0m
1776616709.4424601 [INFO] [exploration_sm-25]: process started with pid [330833]
1776616709.7020776 [rtabmap-8] [33m[ WARN] (2026-04-19 18:38:25.687) MsgConversion.cpp:2010::getTransform() (getting transform base_link -> rover/base_link/imu_sensor) "rover/base_link/imu_sensor" passed to lookupTransform argument source_frame does not exist.  (wait_for_transform=0.200000)[0m
1776616709.7022119 [rtabmap-8] [33m[ WARN] (2026-04-19 18:38:27.109) MsgConversion.cpp:2010::getTransform() (getting transform base_link -> rover/base_link/imu_sensor) "rover/base_link/imu_sensor" passed to lookupTransform argument source_frame does not exist.  (wait_for_transform=0.200000)[0m
1776616709.7022760 [rtabmap-8] [33m[ WARN] (2026-04-19 18:38:28.446) MsgConversion.cpp:2010::getTransform() (getting transform base_link -> rover/base_link/imu_sensor) "rover/base_link/imu_sensor" passed to lookupTransform argument source_frame does not exist.  (wait_for_transform=0.200000)[0m
1776616711.6145506 [llava_node-1] [ERROR] [llava.cpp:clear_mtmds:116] Clearing mtmds...
1776616711.6293437 [llava_node-1] [WARN] [llama.cpp:run_loop:1395] Empty prompt on slot 0
1776616711.6295347 [llava_node-1] [WARN] [task_registry.cpp:fail_pending:64] Attempted to fail unknown goal_id: 18446744073462235753
1776616711.6297641 [llava_node-1] [ERROR] [llama.cpp:run_loop:1490] No tokens to decode in this iteration
1776616714.7022278 [rtabmap-8] [33m[ WARN] (2026-04-19 18:38:29.913) MsgConversion.cpp:2010::getTransform() (getting transform base_link -> rover/base_link/imu_sensor) "rover/base_link/imu_sensor" passed to lookupTransform argument source_frame does not exist.  (wait_for_transform=0.200000)[0m
1776616714.7024107 [rtabmap-8] [33m[ WARN] (2026-04-19 18:38:31.201) MsgConversion.cpp:2010::getTransform() (getting transform base_link -> rover/base_link/imu_sensor) "rover/base_link/imu_sensor" passed to lookupTransform argument source_frame does not exist.  (wait_for_transform=0.200000)[0m
1776616714.7024784 [rtabmap-8] [33m[ WARN] (2026-04-19 18:38:32.598) MsgConversion.cpp:2010::getTransform() (getting transform base_link -> rover/base_link/imu_sensor) "rover/base_link/imu_sensor" passed to lookupTransform argument source_frame does not exist.  (wait_for_transform=0.200000)[0m
1776616714.7025368 [rtabmap-8] [33m[ WARN] (2026-04-19 18:38:33.863) MsgConversion.cpp:2010::getTransform() (getting transform base_link -> rover/base_link/imu_sensor) "rover/base_link/imu_sensor" passed to lookupTransform argument source_frame does not exist.  (wait_for_transform=0.200000)[0m
1776616719.7009990 [rgbd_odometry-7] [33m[ WARN] (2026-04-19 18:38:37.457) OdometryF2M.cpp:626::computeTransform() Registration failed: "Not enough inliers 16/20 (matches=69) between -1 and 162" (guess=xyz=0.175620,0.009078,0.000826 rpy=-0.020998,0.011220,0.165682)[0m
1776616719.7011476 [rgbd_odometry-7] [33m[ WARN] (2026-04-19 18:38:37.457) OdometryF2M.cpp:319::computeTransform() Failed to find a transformation with the provided guess (xyz=0.175620,0.009078,0.000826 rpy=-0.020998,0.011220,0.165682), trying again without a guess.[0m
1776616719.7012076 [rgbd_odometry-7] [33m[ WARN] (2026-04-19 18:38:37.529) OdometryF2M.cpp:616::computeTransform() Trial with no guess still fail.[0m
1776616719.7012603 [rgbd_odometry-7] [33m[ WARN] (2026-04-19 18:38:37.529) OdometryF2M.cpp:626::computeTransform() Registration failed: "Not enough inliers 10/20 (matches=88) between -1 and 162" (guess=xyz=0.175620,0.009078,0.000826 rpy=-0.020998,0.011220,0.165682)[0m
1776616719.7013097 [rgbd_odometry-7] [33m[ WARN] (2026-04-19 18:38:37.876) OdometryF2M.cpp:622::computeTransform() Registration failed: "Not enough inliers 8/20 (matches=111) between -1 and 2"[0m
1776616719.7013562 [rgbd_odometry-7] [33m[ WARN] (2026-04-19 18:38:39.033) OdometryF2M.cpp:626::computeTransform() Registration failed: "Not enough inliers 0/20 (matches=61) between -1 and 6" (guess=xyz=0.232930,0.020514,-0.000023 rpy=0.007241,0.001629,0.163915)[0m
1776616719.7014167 [rgbd_odometry-7] [33m[ WARN] (2026-04-19 18:38:39.034) OdometryF2M.cpp:319::computeTransform() Failed to find a transformation with the provided guess (xyz=0.232930,0.020514,-0.000023 rpy=0.007241,0.001629,0.163915), trying again without a guess.[0m
1776616719.7014623 [rgbd_odometry-7] [33m[ WARN] (2026-04-19 18:38:39.138) OdometryF2M.cpp:616::computeTransform() Trial with no guess still fail.[0m
1776616719.7015054 [rgbd_odometry-7] [33m[ WARN] (2026-04-19 18:38:39.138) OdometryF2M.cpp:626::computeTransform() Registration failed: "Not enough inliers 17/20 (matches=92) between -1 and 6" (guess=xyz=0.232930,0.020514,-0.000023 rpy=0.007241,0.001629,0.163915)[0m
1776616719.7020619 [rtabmap-8] [33m[ WARN] (2026-04-19 18:38:35.136) MsgConversion.cpp:2010::getTransform() (getting transform base_link -> rover/base_link/imu_sensor) "rover/base_link/imu_sensor" passed to lookupTransform argument source_frame does not exist.  (wait_for_transform=0.200000)[0m
1776616719.7021275 [rtabmap-8] [33m[ WARN] (2026-04-19 18:38:35.203) Memory.cpp:1022::addSignatureToStm() Very large angular variance (0.110410) detected! Please fix odometry covariance, otherwise poor graph optimizations are expected and wrong loop closure detections creating a lot of errors in the map could be accepted. This message is only printed once.[0m
1776616719.7021751 [rtabmap-8] [33m[ WARN] (2026-04-19 18:38:36.277) MsgConversion.cpp:2010::getTransform() (getting transform base_link -> rover/base_link/imu_sensor) "rover/base_link/imu_sensor" passed to lookupTransform argument source_frame does not exist.  (wait_for_transform=0.200000)[0m
1776616719.7022192 [rtabmap-8] [33m[ WARN] (2026-04-19 18:38:37.540) MsgConversion.cpp:2010::getTransform() (getting transform base_link -> rover/base_link/imu_sensor) "rover/base_link/imu_sensor" passed to lookupTransform argument source_frame does not exist.  (wait_for_transform=0.200000)[0m
1776616719.7022614 [rtabmap-8] [33m[ WARN] (2026-04-19 18:38:38.788) MsgConversion.cpp:2010::getTransform() (getting transform base_link -> rover/base_link/imu_sensor) "rover/base_link/imu_sensor" passed to lookupTransform argument source_frame does not exist.  (wait_for_transform=0.200000)[0m
1776616721.5586092 [llava_node-1] [ERROR] [llava.cpp:clear_mtmds:116] Clearing mtmds...
1776616721.5737586 [llava_node-1] [WARN] [llama.cpp:run_loop:1395] Empty prompt on slot 0
1776616721.5738776 [llava_node-1] [WARN] [task_registry.cpp:fail_pending:64] Attempted to fail unknown goal_id: 1982920645
1776616721.5739975 [llava_node-1] [ERROR] [llama.cpp:run_loop:1490] No tokens to decode in this iteration
1776616724.7010772 [rgbd_odometry-7] [33m[ WARN] (2026-04-19 18:38:39.898) OdometryF2M.cpp:626::computeTransform() Registration failed: "Not enough inliers 18/20 (matches=77) between -1 and 5" (guess=xyz=0.142268,-0.001856,-0.019857 rpy=0.010349,-0.033153,-0.139658)[0m
1776616724.7012100 [rgbd_odometry-7] [33m[ WARN] (2026-04-19 18:38:39.898) OdometryF2M.cpp:319::computeTransform() Failed to find a transformation with the provided guess (xyz=0.142268,-0.001856,-0.019857 rpy=0.010349,-0.033153,-0.139658), trying again without a guess.[0m
1776616724.7012694 [rgbd_odometry-7] [33m[ WARN] (2026-04-19 18:38:39.967) OdometryF2M.cpp:616::computeTransform() Trial with no guess still fail.[0m
1776616724.7013214 [rgbd_odometry-7] [33m[ WARN] (2026-04-19 18:38:39.967) OdometryF2M.cpp:626::computeTransform() Registration failed: "Not enough inliers 6/20 (matches=80) between -1 and 5" (guess=xyz=0.142268,-0.001856,-0.019857 rpy=0.010349,-0.033153,-0.139658)[0m
1776616724.7013695 [rgbd_odometry-7] [33m[ WARN] (2026-04-19 18:38:40.324) OdometryF2M.cpp:622::computeTransform() Registration failed: "Not enough inliers 0/20 (matches=34) between -1 and 2"[0m
1776616724.7014158 [rgbd_odometry-7] [33m[ WARN] (2026-04-19 18:38:40.965) OdometryF2M.cpp:626::computeTransform() Registration failed: "Not enough inliers 0/20 (matches=15) between -1 and 6" (guess=xyz=0.188118,0.005558,0.046366 rpy=0.043911,0.114770,0.132823)[0m
1776616724.7014604 [rgbd_odometry-7] [33m[ WARN] (2026-04-19 18:38:40.965) OdometryF2M.cpp:319::computeTransform() Failed to find a transformation with the provided guess (xyz=0.188118,0.005558,0.046366 rpy=0.043911,0.114770,0.132823), trying again without a guess.[0m
1776616724.7015047 [rgbd_odometry-7] [33m[ WARN] (2026-04-19 18:38:41.024) OdometryF2M.cpp:616::computeTransform() Trial with no guess still fail.[0m
1776616724.7015471 [rgbd_odometry-7] [33m[ WARN] (2026-04-19 18:38:41.024) OdometryF2M.cpp:626::computeTransform() Registration failed: "Not enough inliers 9/20 (matches=69) between -1 and 6" (guess=xyz=0.188118,0.005558,0.046366 rpy=0.043911,0.114770,0.132823)[0m
1776616724.7021394 [rtabmap-8] [33m[ WARN] (2026-04-19 18:38:40.033) MsgConversion.cpp:2010::getTransform() (getting transform base_link -> rover/base_link/imu_sensor) "rover/base_link/imu_sensor" passed to lookupTransform argument source_frame does not exist.  (wait_for_transform=0.200000)[0m
1776616724.7022154 [rtabmap-8] [33m[ WARN] (2026-04-19 18:38:41.063) MsgConversion.cpp:2010::getTransform() (getting transform base_link -> rover/base_link/imu_sensor) "rover/base_link/imu_sensor" passed to lookupTransform argument source_frame does not exist.  (wait_for_transform=0.200000)[0m
1776616724.7022629 [rtabmap-8] [33m[ WARN] (2026-04-19 18:38:42.390) MsgConversion.cpp:2010::getTransform() (getting transform base_link -> rover/base_link/imu_sensor) "rover/base_link/imu_sensor" passed to lookupTransform argument source_frame does not exist.  (wait_for_transform=0.200000)[0m
1776616724.7023053 [rtabmap-8] [33m[ WARN] (2026-04-19 18:38:43.485) MsgConversion.cpp:2010::getTransform() (getting transform base_link -> rover/base_link/imu_sensor) "rover/base_link/imu_sensor" passed to lookupTransform argument source_frame does not exist.  (wait_for_transform=0.200000)[0m
1776616729.7023787 [rtabmap-8] [33m[ WARN] (2026-04-19 18:38:44.953) MsgConversion.cpp:2010::getTransform() (getting transform base_link -> rover/base_link/imu_sensor) "rover/base_link/imu_sensor" passed to lookupTransform argument source_frame does not exist.  (wait_for_transform=0.200000)[0m
1776616729.7025104 [rtabmap-8] [33m[ WARN] (2026-04-19 18:38:46.200) MsgConversion.cpp:2010::getTransform() (getting transform base_link -> rover/base_link/imu_sensor) "rover/base_link/imu_sensor" passed to lookupTransform argument source_frame does not exist.  (wait_for_transform=0.200000)[0m
1776616729.7025688 [rtabmap-8] [33m[ WARN] (2026-04-19 18:38:47.481) MsgConversion.cpp:2010::getTransform() (getting transform base_link -> rover/base_link/imu_sensor) "rover/base_link/imu_sensor" passed to lookupTransform argument source_frame does not exist.  (wait_for_transform=0.200000)[0m
1776616729.7026196 [rtabmap-8] [33m[ WARN] (2026-04-19 18:38:48.891) MsgConversion.cpp:2010::getTransform() (getting transform base_link -> rover/base_link/imu_sensor) "rover/base_link/imu_sensor" passed to lookupTransform argument source_frame does not exist.  (wait_for_transform=0.200000)[0m
1776616734.7012284 [rgbd_odometry-7] [33m[ WARN] (2026-04-19 18:38:51.483) OdometryF2M.cpp:626::computeTransform() Registration failed: "Not enough inliers 10/20 (matches=81) between -1 and 91" (guess=xyz=0.057349,0.021330,-0.001492 rpy=-0.064850,-0.065497,0.182084)[0m
1776616734.7013609 [rgbd_odometry-7] [33m[ WARN] (2026-04-19 18:38:51.483) OdometryF2M.cpp:319::computeTransform() Failed to find a transformation with the provided guess (xyz=0.057349,0.021330,-0.001492 rpy=-0.064850,-0.065497,0.182084), trying again without a guess.[0m
1776616734.7014139 [rgbd_odometry-7] [33m[ WARN] (2026-04-19 18:38:51.594) OdometryF2M.cpp:616::computeTransform() Trial with no guess still fail.[0m
1776616734.7014594 [rgbd_odometry-7] [33m[ WARN] (2026-04-19 18:38:51.594) OdometryF2M.cpp:626::computeTransform() Registration failed: "Not enough inliers 16/20 (matches=99) between -1 and 91" (guess=xyz=0.057349,0.021330,-0.001492 rpy=-0.064850,-0.065497,0.182084)[0m
1776616734.7015023 [rgbd_odometry-7] [33m[ WARN] (2026-04-19 18:38:53.356) OdometryF2M.cpp:626::computeTransform() Registration failed: "Not enough inliers 0/20 (matches=82) between -1 and 14" (guess=xyz=0.117510,-0.013206,0.000598 rpy=0.021207,0.024889,-0.186951)[0m
1776616734.7015610 [rgbd_odometry-7] [33m[ WARN] (2026-04-19 18:38:53.357) OdometryF2M.cpp:319::computeTransform() Failed to find a transformation with the provided guess (xyz=0.117510,-0.013206,0.000598 rpy=0.021207,0.024889,-0.186951), trying again without a guess.[0m
1776616734.7016020 [rgbd_odometry-7] [33m[ WARN] (2026-04-19 18:38:53.543) OdometryF2M.cpp:616::computeTransform() Trial with no guess still fail.[0m
1776616734.7016401 [rgbd_odometry-7] [33m[ WARN] (2026-04-19 18:38:53.543) OdometryF2M.cpp:626::computeTransform() Registration failed: "Not enough inliers 0/20 (matches=92) between -1 and 14" (guess=xyz=0.117510,-0.013206,0.000598 rpy=0.021207,0.024889,-0.186951)[0m
1776616734.7022829 [rtabmap-8] [33m[ WARN] (2026-04-19 18:38:50.090) MsgConversion.cpp:2010::getTransform() (getting transform base_link -> rover/base_link/imu_sensor) "rover/base_link/imu_sensor" passed to lookupTransform argument source_frame does not exist.  (wait_for_transform=0.200000)[0m
1776616734.7023389 [rtabmap-8] [33m[ WARN] (2026-04-19 18:38:51.299) MsgConversion.cpp:2010::getTransform() (getting transform base_link -> rover/base_link/imu_sensor) "rover/base_link/imu_sensor" passed to lookupTransform argument source_frame does not exist.  (wait_for_transform=0.200000)[0m
1776616734.7023797 [rtabmap-8] [33m[ WARN] (2026-04-19 18:38:52.728) MsgConversion.cpp:2010::getTransform() (getting transform base_link -> rover/base_link/imu_sensor) "rover/base_link/imu_sensor" passed to lookupTransform argument source_frame does not exist.  (wait_for_transform=0.200000)[0m
1776616734.7024179 [rtabmap-8] [33m[ WARN] (2026-04-19 18:38:53.906) MsgConversion.cpp:2010::getTransform() (getting transform base_link -> rover/base_link/imu_sensor) "rover/base_link/imu_sensor" passed to lookupTransform argument source_frame does not exist.  (wait_for_transform=0.200000)[0m
1776616739.1669703 [rgbd_odometry-7] [33m[ WARN] (2026-04-19 18:38:55.385) OdometryF2M.cpp:626::computeTransform() Registration failed: "Not enough inliers 0/20 (matches=102) between -1 and 15" (guess=xyz=0.101369,-0.003331,-0.004486 rpy=0.020640,0.006221,0.099471)[0m
1776616739.1670682 [rgbd_odometry-7] [33m[ WARN] (2026-04-19 18:38:55.385) OdometryF2M.cpp:319::computeTransform() Failed to find a transformation with the provided guess (xyz=0.101369,-0.003331,-0.004486 rpy=0.020640,0.006221,0.099471), trying again without a guess.[0m
1776616739.1670985 [rgbd_odometry-7] [33m[ WARN] (2026-04-19 18:38:55.551) OdometryF2M.cpp:616::computeTransform() Trial with no guess still fail.[0m
1776616739.1671219 [rgbd_odometry-7] [33m[ WARN] (2026-04-19 18:38:55.551) OdometryF2M.cpp:626::computeTransform() Registration failed: "Not enough inliers 7/20 (matches=64) between -1 and 15" (guess=xyz=0.101369,-0.003331,-0.004486 rpy=0.020640,0.006221,0.099471)[0m
1776616739.1671433 [rgbd_odometry-7] [33m[ WARN] (2026-04-19 18:38:56.808) OdometryF2M.cpp:626::computeTransform() Registration failed: "Not enough inliers 6/20 (matches=61) between -1 and 9" (guess=xyz=0.099511,-0.005965,-0.023450 rpy=-0.079876,-0.003434,-0.236382)[0m
1776616739.1671689 [rgbd_odometry-7] [33m[ WARN] (2026-04-19 18:38:56.808) OdometryF2M.cpp:319::computeTransform() Failed to find a transformation with the provided guess (xyz=0.099511,-0.005965,-0.023450 rpy=-0.079876,-0.003434,-0.236382), trying again without a guess.[0m
1776616739.1671913 [rgbd_odometry-7] [33m[ WARN] (2026-04-19 18:38:56.912) OdometryF2M.cpp:616::computeTransform() Trial with no guess still fail.[0m
1776616739.1672103 [rgbd_odometry-7] [33m[ WARN] (2026-04-19 18:38:56.912) OdometryF2M.cpp:626::computeTransform() Registration failed: "Not enough inliers 0/20 (matches=87) between -1 and 9" (guess=xyz=0.099511,-0.005965,-0.023450 rpy=-0.079876,-0.003434,-0.236382)[0m
1776616739.1672266 [rgbd_odometry-7] [33m[ WARN] (2026-04-19 18:38:57.565) OdometryF2M.cpp:626::computeTransform() Registration failed: "Not enough inliers 6/20 (matches=72) between -1 and 4" (guess=xyz=0.155942,-0.007414,-0.007114 rpy=-0.003294,-0.022095,-0.118691)[0m
1776616739.1672554 [rgbd_odometry-7] [33m[ WARN] (2026-04-19 18:38:57.565) OdometryF2M.cpp:319::computeTransform() Failed to find a transformation with the provided guess (xyz=0.155942,-0.007414,-0.007114 rpy=-0.003294,-0.022095,-0.118691), trying again without a guess.[0m
1776616739.1672721 [rgbd_odometry-7] [33m[ WARN] (2026-04-19 18:38:57.630) OdometryF2M.cpp:616::computeTransform() Trial with no guess still fail.[0m
1776616739.1672876 [rgbd_odometry-7] [33m[ WARN] (2026-04-19 18:38:57.630) OdometryF2M.cpp:626::computeTransform() Registration failed: "Not enough inliers 0/20 (matches=71) between -1 and 4" (guess=xyz=0.155942,-0.007414,-0.007114 rpy=-0.003294,-0.022095,-0.118691)[0m
1776616739.1673040 [rgbd_odometry-7] [33m[ WARN] (2026-04-19 18:38:58.302) OdometryF2M.cpp:626::computeTransform() Registration failed: "Not enough inliers 6/20 (matches=74) between -1 and 9" (guess=xyz=0.083792,0.016983,0.013519 rpy=-0.042927,0.053070,-0.035601)[0m
1776616739.1673203 [rgbd_odometry-7] [33m[ WARN] (2026-04-19 18:38:58.302) OdometryF2M.cpp:319::computeTransform() Failed to find a transformation with the provided guess (xyz=0.083792,0.016983,0.013519 rpy=-0.042927,0.053070,-0.035601), trying again without a guess.[0m
1776616739.1673405 [rgbd_odometry-7] [33m[ WARN] (2026-04-19 18:38:58.402) OdometryF2M.cpp:616::computeTransform() Trial with no guess still fail.[0m
1776616739.1673641 [rgbd_odometry-7] [33m[ WARN] (2026-04-19 18:38:58.402) OdometryF2M.cpp:626::computeTransform() Registration failed: "Not enough inliers 7/20 (matches=93) between -1 and 9" (guess=xyz=0.083792,0.016983,0.013519 rpy=-0.042927,0.053070,-0.035601)[0m
1776616739.1673884 [rgbd_odometry-7] [33m[ WARN] (2026-04-19 18:38:59.099) OdometryF2M.cpp:626::computeTransform() Registration failed: "Not enough inliers 19/20 (matches=55) between -1 and 4" (guess=xyz=0.170011,0.010140,-0.006839 rpy=-0.023890,0.025664,0.138536)[0m
1776616739.1674073 [rgbd_odometry-7] [33m[ WARN] (2026-04-19 18:38:59.099) OdometryF2M.cpp:319::computeTransform() Failed to find a transformation with the provided guess (xyz=0.170011,0.010140,-0.006839 rpy=-0.023890,0.025664,0.138536), trying again without a guess.[0m
1776616739.1674240 [rgbd_odometry-7] [33m[ WARN] (2026-04-19 18:38:59.166) OdometryF2M.cpp:616::computeTransform() Trial with no guess still fail.[0m
1776616739.7014096 [rgbd_odometry-7] [33m[ WARN] (2026-04-19 18:38:59.166) OdometryF2M.cpp:626::computeTransform() Registration failed: "Not enough inliers 0/20 (matches=65) between -1 and 4" (guess=xyz=0.170011,0.010140,-0.006839 rpy=-0.023890,0.025664,0.138536)[0m
1776616739.7024596 [rtabmap-8] [33m[ WARN] (2026-04-19 18:38:55.053) MsgConversion.cpp:2010::getTransform() (getting transform base_link -> rover/base_link/imu_sensor) "rover/base_link/imu_sensor" passed to lookupTransform argument source_frame does not exist.  (wait_for_transform=0.200000)[0m
1776616739.7025654 [rtabmap-8] [33m[ WARN] (2026-04-19 18:38:56.369) MsgConversion.cpp:2010::getTransform() (getting transform base_link -> rover/base_link/imu_sensor) "rover/base_link/imu_sensor" passed to lookupTransform argument source_frame does not exist.  (wait_for_transform=0.200000)[0m
1776616739.7026467 [rtabmap-8] [33m[ WARN] (2026-04-19 18:38:57.667) MsgConversion.cpp:2010::getTransform() (getting transform base_link -> rover/base_link/imu_sensor) "rover/base_link/imu_sensor" passed to lookupTransform argument source_frame does not exist.  (wait_for_transform=0.200000)[0m
1776616739.7027194 [rtabmap-8] [33m[ WARN] (2026-04-19 18:38:58.824) MsgConversion.cpp:2010::getTransform() (getting transform base_link -> rover/base_link/imu_sensor) "rover/base_link/imu_sensor" passed to lookupTransform argument source_frame does not exist.  (wait_for_transform=0.200000)[0m
1776616744.7013612 [rgbd_odometry-7] [33m[ WARN] (2026-04-19 18:39:02.226) OdometryF2M.cpp:626::computeTransform() Registration failed: "Not enough inliers 8/20 (matches=120) between -1 and 24" (guess=xyz=0.056955,-0.003431,-0.010933 rpy=-0.004212,0.026398,0.001766)[0m
1776616744.7014651 [rgbd_odometry-7] [33m[ WARN] (2026-04-19 18:39:02.226) OdometryF2M.cpp:319::computeTransform() Failed to find a transformation with the provided guess (xyz=0.056955,-0.003431,-0.010933 rpy=-0.004212,0.026398,0.001766), trying again without a guess.[0m
1776616744.7014954 [rgbd_odometry-7] [33m[ WARN] (2026-04-19 18:39:02.468) OdometryF2M.cpp:636::computeTransform() Trial with no guess succeeded![0m
1776616744.7015173 [rgbd_odometry-7] [33m[ WARN] (2026-04-19 18:39:02.545) OdometryF2M.cpp:626::computeTransform() Registration failed: "Not enough inliers 6/20 (matches=67) between -1 and 25" (guess=xyz=0.163256,0.006956,-0.011172 rpy=-0.011360,0.057339,0.069298)[0m
1776616744.7015362 [rgbd_odometry-7] [33m[ WARN] (2026-04-19 18:39:02.545) OdometryF2M.cpp:319::computeTransform() Failed to find a transformation with the provided guess (xyz=0.163256,0.006956,-0.011172 rpy=-0.011360,0.057339,0.069298), trying again without a guess.[0m
1776616744.7015526 [rgbd_odometry-7] [33m[ WARN] (2026-04-19 18:39:02.789) OdometryF2M.cpp:636::computeTransform() Trial with no guess succeeded![0m
1776616744.7026122 [rtabmap-8] [33m[ WARN] (2026-04-19 18:39:00.231) MsgConversion.cpp:2010::getTransform() (getting transform base_link -> rover/base_link/imu_sensor) "rover/base_link/imu_sensor" passed to lookupTransform argument source_frame does not exist.  (wait_for_transform=0.200000)[0m
1776616744.7027299 [rtabmap-8] [33m[ WARN] (2026-04-19 18:39:01.417) MsgConversion.cpp:2010::getTransform() (getting transform base_link -> rover/base_link/imu_sensor) "rover/base_link/imu_sensor" passed to lookupTransform argument source_frame does not exist.  (wait_for_transform=0.200000)[0m
1776616744.7027953 [rtabmap-8] [33m[ WARN] (2026-04-19 18:39:02.566) MsgConversion.cpp:2010::getTransform() (getting transform base_link -> rover/base_link/imu_sensor) "rover/base_link/imu_sensor" passed to lookupTransform argument source_frame does not exist.  (wait_for_transform=0.200000)[0m
1776616744.7028515 [rtabmap-8] [33m[ WARN] (2026-04-19 18:39:03.777) MsgConversion.cpp:2010::getTransform() (getting transform base_link -> rover/base_link/imu_sensor) "rover/base_link/imu_sensor" passed to lookupTransform argument source_frame does not exist.  (wait_for_transform=0.200000)[0m
1776616749.7015948 [rgbd_odometry-7] [33m[ WARN] (2026-04-19 18:39:04.846) OdometryF2M.cpp:626::computeTransform() Registration failed: "Not enough inliers 9/20 (matches=133) between -1 and 36" (guess=xyz=0.059645,0.002850,0.002159 rpy=0.011930,-0.008594,0.293114)[0m
1776616749.7017336 [rgbd_odometry-7] [33m[ WARN] (2026-04-19 18:39:04.847) OdometryF2M.cpp:319::computeTransform() Failed to find a transformation with the provided guess (xyz=0.059645,0.002850,0.002159 rpy=0.011930,-0.008594,0.293114), trying again without a guess.[0m
1776616749.7017891 [rgbd_odometry-7] [33m[ WARN] (2026-04-19 18:39:05.080) OdometryF2M.cpp:636::computeTransform() Trial with no guess succeeded![0m
1776616749.7018368 [rgbd_odometry-7] [33m[ WARN] (2026-04-19 18:39:05.172) OdometryF2M.cpp:626::computeTransform() Registration failed: "Not enough inliers 6/20 (matches=100) between -1 and 37" (guess=xyz=0.033986,0.000932,-0.003387 rpy=0.029260,0.004518,0.194927)[0m
1776616749.7019126 [rgbd_odometry-7] [33m[ WARN] (2026-04-19 18:39:05.172) OdometryF2M.cpp:319::computeTransform() Failed to find a transformation with the provided guess (xyz=0.033986,0.000932,-0.003387 rpy=0.029260,0.004518,0.194927), trying again without a guess.[0m
1776616749.7019572 [rgbd_odometry-7] [33m[ WARN] (2026-04-19 18:39:05.391) OdometryF2M.cpp:636::computeTransform() Trial with no guess succeeded![0m
1776616749.7019978 [rgbd_odometry-7] [33m[ WARN] (2026-04-19 18:39:08.435) OdometryF2M.cpp:626::computeTransform() Registration failed: "Not enough inliers 14/20 (matches=179) between -1 and 54" (guess=xyz=0.033600,-0.002261,0.002879 rpy=0.003762,-0.002118,0.040842)[0m
1776616749.7020626 [rgbd_odometry-7] [33m[ WARN] (2026-04-19 18:39:08.435) OdometryF2M.cpp:319::computeTransform() Failed to find a transformation with the provided guess (xyz=0.033600,-0.002261,0.002879 rpy=0.003762,-0.002118,0.040842), trying again without a guess.[0m
1776616749.7021048 [rgbd_odometry-7] [33m[ WARN] (2026-04-19 18:39:08.689) OdometryF2M.cpp:636::computeTransform() Trial with no guess succeeded![0m
1776616749.7021456 [rgbd_odometry-7] [33m[ WARN] (2026-04-19 18:39:08.788) OdometryF2M.cpp:626::computeTransform() Registration failed: "Not enough inliers 7/20 (matches=124) between -1 and 55" (guess=xyz=0.083904,-0.001750,0.014421 rpy=0.044533,-0.061297,0.018716)[0m
1776616749.7021847 [rgbd_odometry-7] [33m[ WARN] (2026-04-19 18:39:08.789) OdometryF2M.cpp:319::computeTransform() Failed to find a transformation with the provided guess (xyz=0.083904,-0.001750,0.014421 rpy=0.044533,-0.061297,0.018716), trying again without a guess.[0m
1776616749.7022235 [rgbd_odometry-7] [33m[ WARN] (2026-04-19 18:39:09.029) OdometryF2M.cpp:636::computeTransform() Trial with no guess succeeded![0m
1776616749.7022622 [rgbd_odometry-7] [33m[ WARN] (2026-04-19 18:39:09.162) OdometryF2M.cpp:626::computeTransform() Registration failed: "Not enough inliers 6/20 (matches=128) between -1 and 56" (guess=xyz=0.116026,-0.008337,0.014068 rpy=0.046809,-0.065073,-0.111742)[0m
1776616749.7023003 [rgbd_odometry-7] [33m[ WARN] (2026-04-19 18:39:09.162) OdometryF2M.cpp:319::computeTransform() Failed to find a transformation with the provided guess (xyz=0.116026,-0.008337,0.014068 rpy=0.046809,-0.065073,-0.111742), trying again without a guess.[0m
1776616749.7023382 [rgbd_odometry-7] [33m[ WARN] (2026-04-19 18:39:09.395) OdometryF2M.cpp:636::computeTransform() Trial with no guess succeeded![0m
1776616749.7023795 [rgbd_odometry-7] [33m[ WARN] (2026-04-19 18:39:09.488) OdometryF2M.cpp:626::computeTransform() Registration failed: "Not enough inliers 10/20 (matches=119) between -1 and 57" (guess=xyz=0.140200,-0.022768,0.002558 rpy=0.016036,-0.029259,-0.223380)[0m
1776616749.7024181 [rgbd_odometry-7] [33m[ WARN] (2026-04-19 18:39:09.488) OdometryF2M.cpp:319::computeTransform() Failed to find a transformation with the provided guess (xyz=0.140200,-0.022768,0.002558 rpy=0.016036,-0.029259,-0.223380), trying again without a guess.[0m
1776616749.7027631 [rtabmap-8] [33m[ WARN] (2026-04-19 18:39:05.027) MsgConversion.cpp:2010::getTransform() (getting transform base_link -> rover/base_link/imu_sensor) "rover/base_link/imu_sensor" passed to lookupTransform argument source_frame does not exist.  (wait_for_transform=0.200000)[0m
1776616749.7028184 [rtabmap-8] [33m[ WARN] (2026-04-19 18:39:06.283) MsgConversion.cpp:2010::getTransform() (getting transform base_link -> rover/base_link/imu_sensor) "rover/base_link/imu_sensor" passed to lookupTransform argument source_frame does not exist.  (wait_for_transform=0.200000)[0m
1776616749.7028589 [rtabmap-8] [33m[ WARN] (2026-04-19 18:39:07.546) MsgConversion.cpp:2010::getTransform() (getting transform base_link -> rover/base_link/imu_sensor) "rover/base_link/imu_sensor" passed to lookupTransform argument source_frame does not exist.  (wait_for_transform=0.200000)[0m
1776616749.7029111 [rtabmap-8] [33m[ WARN] (2026-04-19 18:39:08.845) MsgConversion.cpp:2010::getTransform() (getting transform base_link -> rover/base_link/imu_sensor) "rover/base_link/imu_sensor" passed to lookupTransform argument source_frame does not exist.  (wait_for_transform=0.200000)[0m
1776616752.0886784 [rgbd_odometry-7] [33m[ WARN] (2026-04-19 18:39:09.730) OdometryF2M.cpp:636::computeTransform() Trial with no guess succeeded![0m
1776616752.0887766 [rgbd_odometry-7] [33m[ WARN] (2026-04-19 18:39:09.915) OdometryF2M.cpp:626::computeTransform() Registration failed: "Not enough inliers 0/20 (matches=37) between -1 and 58" (guess=xyz=0.239128,-0.043387,-0.019657 rpy=-0.040552,-0.001672,-0.421707)[0m
1776616752.0888076 [rgbd_odometry-7] [33m[ WARN] (2026-04-19 18:39:09.915) OdometryF2M.cpp:319::computeTransform() Failed to find a transformation with the provided guess (xyz=0.239128,-0.043387,-0.019657 rpy=-0.040552,-0.001672,-0.421707), trying again without a guess.[0m
1776616752.0888441 [rgbd_odometry-7] [33m[ WARN] (2026-04-19 18:39:10.136) OdometryF2M.cpp:636::computeTransform() Trial with no guess succeeded![0m
1776616752.0888638 [rgbd_odometry-7] [33m[ WARN] (2026-04-19 18:39:10.310) OdometryF2M.cpp:626::computeTransform() Registration failed: "Not enough inliers 0/20 (matches=15) between -1 and 59" (guess=xyz=0.242213,-0.028486,-0.027232 rpy=-0.066365,0.002735,-0.271138)[0m
1776616752.0888968 [rgbd_odometry-7] [33m[ WARN] (2026-04-19 18:39:10.310) OdometryF2M.cpp:319::computeTransform() Failed to find a transformation with the provided guess (xyz=0.242213,-0.028486,-0.027232 rpy=-0.066365,0.002735,-0.271138), trying again without a guess.[0m
1776616752.0889149 [rgbd_odometry-7] [33m[ WARN] (2026-04-19 18:39:10.545) OdometryF2M.cpp:636::computeTransform() Trial with no guess succeeded![0m
1776616752.0889301 [rgbd_odometry-7] [33m[ WARN] (2026-04-19 18:39:10.643) OdometryF2M.cpp:626::computeTransform() Registration failed: "Not enough inliers 0/20 (matches=85) between -1 and 60" (guess=xyz=0.158870,0.022385,-0.017157 rpy=-0.061405,0.019592,0.023034)[0m
1776616752.0889454 [rgbd_odometry-7] [33m[ WARN] (2026-04-19 18:39:10.643) OdometryF2M.cpp:319::computeTransform() Failed to find a transformation with the provided guess (xyz=0.158870,0.022385,-0.017157 rpy=-0.061405,0.019592,0.023034), trying again without a guess.[0m
1776616752.0889592 [rgbd_odometry-7] [33m[ WARN] (2026-04-19 18:39:10.882) OdometryF2M.cpp:636::computeTransform() Trial with no guess succeeded![0m
1776616752.0889733 [rgbd_odometry-7] [33m[ WARN] (2026-04-19 18:39:10.981) OdometryF2M.cpp:626::computeTransform() Registration failed: "Not enough inliers 11/20 (matches=109) between -1 and 61" (guess=xyz=0.130229,0.080875,-0.005921 rpy=-0.074674,0.031971,0.282629)[0m
1776616752.0889876 [rgbd_odometry-7] [33m[ WARN] (2026-04-19 18:39:10.981) OdometryF2M.cpp:319::computeTransform() Failed to find a transformation with the provided guess (xyz=0.130229,0.080875,-0.005921 rpy=-0.074674,0.031971,0.282629), trying again without a guess.[0m
1776616752.0890014 [rgbd_odometry-7] [33m[ WARN] (2026-04-19 18:39:11.223) OdometryF2M.cpp:636::computeTransform() Trial with no guess succeeded![0m
1776616752.0890155 [rgbd_odometry-7] [33m[ WARN] (2026-04-19 18:39:11.374) OdometryF2M.cpp:626::computeTransform() Registration failed: "Not enough inliers 8/20 (matches=97) between -1 and 62" (guess=xyz=0.115322,0.111023,0.006864 rpy=-0.058177,0.013681,0.389464)[0m
1776616752.0890298 [rgbd_odometry-7] [33m[ WARN] (2026-04-19 18:39:11.374) OdometryF2M.cpp:319::computeTransform() Failed to find a transformation with the provided guess (xyz=0.115322,0.111023,0.006864 rpy=-0.058177,0.013681,0.389464), trying again without a guess.[0m
1776616752.0890439 [rgbd_odometry-7] [33m[ WARN] (2026-04-19 18:39:11.614) OdometryF2M.cpp:636::computeTransform() Trial with no guess succeeded![0m
1776616752.0890582 [rgbd_odometry-7] [33m[ WARN] (2026-04-19 18:39:11.721) OdometryF2M.cpp:626::computeTransform() Registration failed: "Not enough inliers 6/20 (matches=66) between -1 and 63" (guess=xyz=0.118938,0.081339,0.013903 rpy=-0.020635,-0.011427,0.256812)[0m
1776616752.0890720 [rgbd_odometry-7] [33m[ WARN] (2026-04-19 18:39:11.721) OdometryF2M.cpp:319::computeTransform() Failed to find a transformation with the provided guess (xyz=0.118938,0.081339,0.013903 rpy=-0.020635,-0.011427,0.256812), trying again without a guess.[0m
1776616752.0890856 [rgbd_odometry-7] [33m[ WARN] (2026-04-19 18:39:11.971) OdometryF2M.cpp:636::computeTransform() Trial with no guess succeeded![0m
1776616752.0890992 [rgbd_odometry-7] [33m[ WARN] (2026-04-19 18:39:12.087) OdometryF2M.cpp:626::computeTransform() Registration failed: "Not enough inliers 0/20 (matches=97) between -1 and 64" (guess=xyz=0.128573,0.022268,0.016021 rpy=0.020392,-0.028079,0.036727)[0m
1776616754.7017353 [rgbd_odometry-7] [33m[ WARN] (2026-04-19 18:39:12.088) OdometryF2M.cpp:319::computeTransform() Failed to find a transformation with the provided guess (xyz=0.128573,0.022268,0.016021 rpy=0.020392,-0.028079,0.036727), trying again without a guess.[0m
1776616754.7018769 [rgbd_odometry-7] [33m[ WARN] (2026-04-19 18:39:12.316) OdometryF2M.cpp:636::computeTransform() Trial with no guess succeeded![0m
1776616754.7020214 [rgbd_odometry-7] [33m[ WARN] (2026-04-19 18:39:12.443) OdometryF2M.cpp:626::computeTransform() Registration failed: "Not enough inliers 7/20 (matches=111) between -1 and 65" (guess=xyz=0.124773,-0.055466,0.012273 rpy=0.043673,-0.027068,-0.188012)[0m
1776616754.7020769 [rgbd_odometry-7] [33m[ WARN] (2026-04-19 18:39:12.443) OdometryF2M.cpp:319::computeTransform() Failed to find a transformation with the provided guess (xyz=0.124773,-0.055466,0.012273 rpy=0.043673,-0.027068,-0.188012), trying again without a guess.[0m
1776616754.7021034 [rgbd_odometry-7] [33m[ WARN] (2026-04-19 18:39:12.668) OdometryF2M.cpp:636::computeTransform() Trial with no guess succeeded![0m
1776616754.7021246 [rgbd_odometry-7] [33m[ WARN] (2026-04-19 18:39:13.002) OdometryF2M.cpp:626::computeTransform() Registration failed: "Not enough inliers 0/20 (matches=33) between -1 and 66" (guess=xyz=0.191337,-0.190666,0.010737 rpy=0.086045,-0.030044,-0.568930)[0m
1776616754.7021425 [rgbd_odometry-7] [33m[ WARN] (2026-04-19 18:39:13.002) OdometryF2M.cpp:319::computeTransform() Failed to find a transformation with the provided guess (xyz=0.191337,-0.190666,0.010737 rpy=0.086045,-0.030044,-0.568930), trying again without a guess.[0m
1776616754.7021585 [rgbd_odometry-7] [33m[ WARN] (2026-04-19 18:39:13.229) OdometryF2M.cpp:636::computeTransform() Trial with no guess succeeded![0m
1776616754.7021739 [rgbd_odometry-7] [33m[ WARN] (2026-04-19 18:39:13.322) OdometryF2M.cpp:626::computeTransform() Registration failed: "Not enough inliers 0/20 (matches=23) between -1 and 67" (guess=xyz=0.108420,-0.083080,-0.000111 rpy=0.022571,-0.013579,-0.250068)[0m
1776616754.7021890 [rgbd_odometry-7] [33m[ WARN] (2026-04-19 18:39:13.322) OdometryF2M.cpp:319::computeTransform() Failed to find a transformation with the provided guess (xyz=0.108420,-0.083080,-0.000111 rpy=0.022571,-0.013579,-0.250068), trying again without a guess.[0m
1776616754.7022040 [rgbd_odometry-7] [33m[ WARN] (2026-04-19 18:39:13.543) OdometryF2M.cpp:636::computeTransform() Trial with no guess succeeded![0m
1776616754.7022188 [rgbd_odometry-7] [33m[ WARN] (2026-04-19 18:39:13.656) OdometryF2M.cpp:626::computeTransform() Registration failed: "Not enough inliers 7/20 (matches=53) between -1 and 68" (guess=xyz=0.112840,-0.013747,-0.011351 rpy=-0.001742,0.005223,-0.025919)[0m
1776616754.7022333 [rgbd_odometry-7] [33m[ WARN] (2026-04-19 18:39:13.656) OdometryF2M.cpp:319::computeTransform() Failed to find a transformation with the provided guess (xyz=0.112840,-0.013747,-0.011351 rpy=-0.001742,0.005223,-0.025919), trying again without a guess.[0m
1776616754.7022483 [rgbd_odometry-7] [33m[ WARN] (2026-04-19 18:39:13.889) OdometryF2M.cpp:636::computeTransform() Trial with no guess succeeded![0m
1776616754.7022631 [rgbd_odometry-7] [33m[ WARN] (2026-04-19 18:39:14.069) OdometryF2M.cpp:626::computeTransform() Registration failed: "Not enough inliers 9/20 (matches=129) between -1 and 69" (guess=xyz=0.098125,0.062878,-0.018718 rpy=-0.014507,0.023978,0.226810)[0m
1776616754.7022777 [rgbd_odometry-7] [33m[ WARN] (2026-04-19 18:39:14.070) OdometryF2M.cpp:319::computeTransform() Failed to find a transformation with the provided guess (xyz=0.098125,0.062878,-0.018718 rpy=-0.014507,0.023978,0.226810), trying again without a guess.[0m
1776616754.7022920 [rgbd_odometry-7] [33m[ WARN] (2026-04-19 18:39:14.322) OdometryF2M.cpp:636::computeTransform() Trial with no guess succeeded![0m
1776616754.7023115 [rgbd_odometry-7] [33m[ WARN] (2026-04-19 18:39:14.411) OdometryF2M.cpp:626::computeTransform() Registration failed: "Not enough inliers 8/20 (matches=150) between -1 and 70" (guess=xyz=0.086224,0.087941,-0.012157 rpy=-0.007556,0.021060,0.300424)[0m
1776616754.7023468 [rgbd_odometry-7] [33m[ WARN] (2026-04-19 18:39:14.412) OdometryF2M.cpp:319::computeTransform() Failed to find a transformation with the provided guess (xyz=0.086224,0.087941,-0.012157 rpy=-0.007556,0.021060,0.300424), trying again without a guess.[0m
1776616754.7023664 [rgbd_odometry-7] [33m[ WARN] (2026-04-19 18:39:14.662) OdometryF2M.cpp:636::computeTransform() Trial with no guess succeeded![0m
1776616754.7027791 [rtabmap-8] [33m[ WARN] (2026-04-19 18:39:10.150) MsgConversion.cpp:2010::getTransform() (getting transform base_link -> rover/base_link/imu_sensor) "rover/base_link/imu_sensor" passed to lookupTransform argument source_frame does not exist.  (wait_for_transform=0.200000)[0m
1776616754.7028692 [rtabmap-8] [33m[ WARN] (2026-04-19 18:39:11.310) MsgConversion.cpp:2010::getTransform() (getting transform base_link -> rover/base_link/imu_sensor) "rover/base_link/imu_sensor" passed to lookupTransform argument source_frame does not exist.  (wait_for_transform=0.200000)[0m
1776616754.7029381 [rtabmap-8] [33m[ WARN] (2026-04-19 18:39:12.665) MsgConversion.cpp:2010::getTransform() (getting transform base_link -> rover/base_link/imu_sensor) "rover/base_link/imu_sensor" passed to lookupTransform argument source_frame does not exist.  (wait_for_transform=0.200000)[0m
1776616754.7029922 [rtabmap-8] [33m[ WARN] (2026-04-19 18:39:13.946) MsgConversion.cpp:2010::getTransform() (getting transform base_link -> rover/base_link/imu_sensor) "rover/base_link/imu_sensor" passed to lookupTransform argument source_frame does not exist.  (wait_for_transform=0.200000)[0m
1776616759.7017374 [rgbd_odometry-7] [33m[ WARN] (2026-04-19 18:39:14.745) OdometryF2M.cpp:626::computeTransform() Registration failed: "Not enough inliers 7/20 (matches=81) between -1 and 71" (guess=xyz=0.124177,0.085479,-0.002881 rpy=-0.004743,0.014002,0.287349)[0m
1776616759.7018762 [rgbd_odometry-7] [33m[ WARN] (2026-04-19 18:39:14.746) OdometryF2M.cpp:319::computeTransform() Failed to find a transformation with the provided guess (xyz=0.124177,0.085479,-0.002881 rpy=-0.004743,0.014002,0.287349), trying again without a guess.[0m
1776616759.7019522 [rgbd_odometry-7] [33m[ WARN] (2026-04-19 18:39:14.988) OdometryF2M.cpp:636::computeTransform() Trial with no guess succeeded![0m
1776616759.7020061 [rgbd_odometry-7] [33m[ WARN] (2026-04-19 18:39:15.372) OdometryF2M.cpp:626::computeTransform() Registration failed: "Not enough inliers 6/20 (matches=56) between -1 and 72" (guess=xyz=0.245458,0.066103,0.010637 rpy=0.002539,0.005055,0.191972)[0m
1776616759.7020562 [rgbd_odometry-7] [33m[ WARN] (2026-04-19 18:39:15.372) OdometryF2M.cpp:319::computeTransform() Failed to find a transformation with the provided guess (xyz=0.245458,0.066103,0.010637 rpy=0.002539,0.005055,0.191972), trying again without a guess.[0m
1776616759.7021024 [rgbd_odometry-7] [33m[ WARN] (2026-04-19 18:39:15.598) OdometryF2M.cpp:636::computeTransform() Trial with no guess succeeded![0m
1776616759.7021470 [rgbd_odometry-7] [33m[ WARN] (2026-04-19 18:39:16.021) OdometryF2M.cpp:626::computeTransform() Registration failed: "Not enough inliers 9/20 (matches=123) between -1 and 73" (guess=xyz=0.230975,-0.067055,0.014383 rpy=0.009853,-0.008130,-0.214921)[0m
1776616759.7021904 [rgbd_odometry-7] [33m[ WARN] (2026-04-19 18:39:16.021) OdometryF2M.cpp:319::computeTransform() Failed to find a transformation with the provided guess (xyz=0.230975,-0.067055,0.014383 rpy=0.009853,-0.008130,-0.214921), trying again without a guess.[0m
1776616759.7022328 [rgbd_odometry-7] [33m[ WARN] (2026-04-19 18:39:16.211) OdometryF2M.cpp:616::computeTransform() Trial with no guess still fail.[0m
1776616759.7022748 [rgbd_odometry-7] [33m[ WARN] (2026-04-19 18:39:16.211) OdometryF2M.cpp:626::computeTransform() Registration failed: "Not enough inliers 7/20 (matches=152) between -1 and 73" (guess=xyz=0.230975,-0.067055,0.014383 rpy=0.009853,-0.008130,-0.214921)[0m
1776616759.7023151 [rgbd_odometry-7] [33m[ WARN] (2026-04-19 18:39:19.514) OdometryF2M.cpp:626::computeTransform() Registration failed: "Not enough inliers 8/20 (matches=166) between -1 and 21" (guess=xyz=0.067976,0.005677,0.001735 rpy=-0.006165,-0.013475,0.039342)[0m
1776616759.7023702 [rgbd_odometry-7] [33m[ WARN] (2026-04-19 18:39:19.514) OdometryF2M.cpp:319::computeTransform() Failed to find a transformation with the provided guess (xyz=0.067976,0.005677,0.001735 rpy=-0.006165,-0.013475,0.039342), trying again without a guess.[0m
1776616759.7027571 [rtabmap-8] [33m[ WARN] (2026-04-19 18:39:15.156) MsgConversion.cpp:2010::getTransform() (getting transform base_link -> rover/base_link/imu_sensor) "rover/base_link/imu_sensor" passed to lookupTransform argument source_frame does not exist.  (wait_for_transform=0.200000)[0m
1776616759.7028267 [rtabmap-8] [33m[ WARN] (2026-04-19 18:39:16.478) MsgConversion.cpp:2010::getTransform() (getting transform base_link -> rover/base_link/imu_sensor) "rover/base_link/imu_sensor" passed to lookupTransform argument source_frame does not exist.  (wait_for_transform=0.200000)[0m
1776616759.7028716 [rtabmap-8] [33m[ WARN] (2026-04-19 18:39:17.842) MsgConversion.cpp:2010::getTransform() (getting transform base_link -> rover/base_link/imu_sensor) "rover/base_link/imu_sensor" passed to lookupTransform argument source_frame does not exist.  (wait_for_transform=0.200000)[0m
1776616759.7029629 [rtabmap-8] [33m[ WARN] (2026-04-19 18:39:19.261) MsgConversion.cpp:2010::getTransform() (getting transform base_link -> rover/base_link/imu_sensor) "rover/base_link/imu_sensor" passed to lookupTransform argument source_frame does not exist.  (wait_for_transform=0.200000)[0m
1776616760.0537040 [llava_node-1] [ERROR] [llava.cpp:clear_mtmds:116] Clearing mtmds...
1776616760.1163442 [llava_node-1] [WARN] [llama.cpp:run_loop:1395] Empty prompt on slot 0
1776616760.1164942 [llava_node-1] [WARN] [task_registry.cpp:fail_pending:64] Attempted to fail unknown goal_id: 1292737560
1776616760.1166127 [llava_node-1] [ERROR] [llama.cpp:run_loop:1490] No tokens to decode in this iteration
1776616764.7019908 [rgbd_odometry-7] [33m[ WARN] (2026-04-19 18:39:19.756) OdometryF2M.cpp:636::computeTransform() Trial with no guess succeeded![0m
1776616764.7021370 [rgbd_odometry-7] [33m[ WARN] (2026-04-19 18:39:19.966) OdometryF2M.cpp:626::computeTransform() Registration failed: "Not enough inliers 6/20 (matches=112) between -1 and 22" (guess=xyz=0.198579,0.003521,0.000121 rpy=-0.016817,-0.046246,-0.005723)[0m
1776616764.7021933 [rgbd_odometry-7] [33m[ WARN] (2026-04-19 18:39:19.966) OdometryF2M.cpp:319::computeTransform() Failed to find a transformation with the provided guess (xyz=0.198579,0.003521,0.000121 rpy=-0.016817,-0.046246,-0.005723), trying again without a guess.[0m
1776616764.7022405 [rgbd_odometry-7] [33m[ WARN] (2026-04-19 18:39:20.250) OdometryF2M.cpp:636::computeTransform() Trial with no guess succeeded![0m
1776616764.7022846 [rgbd_odometry-7] [33m[ WARN] (2026-04-19 18:39:20.933) OdometryF2M.cpp:626::computeTransform() Registration failed: "Not enough inliers 13/20 (matches=210) between -1 and 25" (guess=xyz=-0.039608,-0.028912,-0.007698 rpy=0.029185,0.052408,-0.115442)[0m
1776616764.7023275 [rgbd_odometry-7] [33m[ WARN] (2026-04-19 18:39:20.933) OdometryF2M.cpp:319::computeTransform() Failed to find a transformation with the provided guess (xyz=-0.039608,-0.028912,-0.007698 rpy=0.029185,0.052408,-0.115442), trying again without a guess.[0m
1776616764.7023695 [rgbd_odometry-7] [33m[ WARN] (2026-04-19 18:39:21.242) OdometryF2M.cpp:636::computeTransform() Trial with no guess succeeded![0m
1776616764.7024107 [rgbd_odometry-7] [33m[ WARN] (2026-04-19 18:39:21.385) OdometryF2M.cpp:626::computeTransform() Registration failed: "Not enough inliers 8/20 (matches=200) between -1 and 26" (guess=xyz=-0.098434,-0.024684,-0.005596 rpy=0.022718,0.047956,-0.073930)[0m
1776616764.7024519 [rgbd_odometry-7] [33m[ WARN] (2026-04-19 18:39:21.386) OdometryF2M.cpp:319::computeTransform() Failed to find a transformation with the provided guess (xyz=-0.098434,-0.024684,-0.005596 rpy=0.022718,0.047956,-0.073930), trying again without a guess.[0m
1776616764.7024927 [rgbd_odometry-7] [33m[ WARN] (2026-04-19 18:39:21.684) OdometryF2M.cpp:636::computeTransform() Trial with no guess succeeded![0m
1776616764.7025340 [rgbd_odometry-7] [33m[ WARN] (2026-04-19 18:39:21.920) OdometryF2M.cpp:626::computeTransform() Registration failed: "Not enough inliers 10/20 (matches=231) between -1 and 27" (guess=xyz=-0.122856,-0.008424,-0.001520 rpy=0.002480,0.020686,0.004255)[0m
1776616764.7025754 [rgbd_odometry-7] [33m[ WARN] (2026-04-19 18:39:21.921) OdometryF2M.cpp:319::computeTransform() Failed to find a transformation with the provided guess (xyz=-0.122856,-0.008424,-0.001520 rpy=0.002480,0.020686,0.004255), trying again without a guess.[0m
1776616764.7026310 [rgbd_odometry-7] [33m[ WARN] (2026-04-19 18:39:22.215) OdometryF2M.cpp:636::computeTransform() Trial with no guess succeeded![0m
1776616764.7030387 [rtabmap-8] [33m[ WARN] (2026-04-19 18:39:20.993) MsgConversion.cpp:2010::getTransform() (getting transform base_link -> rover/base_link/imu_sensor) "rover/base_link/imu_sensor" passed to lookupTransform argument source_frame does not exist.  (wait_for_transform=0.200000)[0m
1776616764.7030981 [rtabmap-8] [33m[ WARN] (2026-04-19 18:39:22.250) MsgConversion.cpp:2010::getTransform() (getting transform base_link -> rover/base_link/imu_sensor) "rover/base_link/imu_sensor" passed to lookupTransform argument source_frame does not exist.  (wait_for_transform=0.200000)[0m
1776616764.7031422 [rtabmap-8] [33m[ WARN] (2026-04-19 18:39:24.638) MsgConversion.cpp:2010::getTransform() (getting transform base_link -> rover/base_link/imu_sensor) "rover/base_link/imu_sensor" passed to lookupTransform argument source_frame does not exist.  (wait_for_transform=0.200000)[0m
1776616769.7020199 [rgbd_odometry-7] [33m[ WARN] (2026-04-19 18:39:28.822) OdometryF2M.cpp:626::computeTransform() Registration failed: "Not enough inliers 10/20 (matches=132) between -1 and 51" (guess=xyz=0.163817,-0.007424,0.000498 rpy=0.017200,0.028740,-0.184383)[0m
1776616769.7021403 [rgbd_odometry-7] [33m[ WARN] (2026-04-19 18:39:28.823) OdometryF2M.cpp:319::computeTransform() Failed to find a transformation with the provided guess (xyz=0.163817,-0.007424,0.000498 rpy=0.017200,0.028740,-0.184383), trying again without a guess.[0m
1776616769.7021770 [rgbd_odometry-7] [33m[ WARN] (2026-04-19 18:39:29.091) OdometryF2M.cpp:636::computeTransform() Trial with no guess succeeded![0m
1776616769.7022057 [rgbd_odometry-7] [33m[ WARN] (2026-04-19 18:39:29.248) OdometryF2M.cpp:626::computeTransform() Registration failed: "Not enough inliers 8/20 (matches=124) between -1 and 52" (guess=xyz=0.194201,-0.012741,0.003631 rpy=0.013386,-0.000106,-0.220158)[0m
1776616769.7022297 [rgbd_odometry-7] [33m[ WARN] (2026-04-19 18:39:29.248) OdometryF2M.cpp:319::computeTransform() Failed to find a transformation with the provided guess (xyz=0.194201,-0.012741,0.003631 rpy=0.013386,-0.000106,-0.220158), trying again without a guess.[0m
1776616769.7022498 [rgbd_odometry-7] [33m[ WARN] (2026-04-19 18:39:29.522) OdometryF2M.cpp:636::computeTransform() Trial with no guess succeeded![0m
1776616769.7030559 [rtabmap-8] [33m[ WARN] (2026-04-19 18:39:26.299) MsgConversion.cpp:2010::getTransform() (getting transform base_link -> rover/base_link/imu_sensor) "rover/base_link/imu_sensor" passed to lookupTransform argument source_frame does not exist.  (wait_for_transform=0.200000)[0m
1776616769.7031748 [rtabmap-8] [33m[ WARN] (2026-04-19 18:39:28.116) MsgConversion.cpp:2010::getTransform() (getting transform base_link -> rover/base_link/imu_sensor) "rover/base_link/imu_sensor" passed to lookupTransform argument source_frame does not exist.  (wait_for_transform=0.200000)[0m
1776616769.7032351 [rtabmap-8] [33m[ WARN] (2026-04-19 18:39:29.179) MsgConversion.cpp:2010::getTransform() (getting transform base_link -> rover/base_link/imu_sensor) "rover/base_link/imu_sensor" passed to lookupTransform argument source_frame does not exist.  (wait_for_transform=0.200000)[0m
1776616774.5619986 [llava_node-1] [ERROR] [llava.cpp:clear_mtmds:116] Clearing mtmds...
1776616774.5944390 [llava_node-1] [WARN] [llama.cpp:run_loop:1395] Empty prompt on slot 0
1776616774.5946221 [llava_node-1] [WARN] [task_registry.cpp:fail_pending:64] Attempted to fail unknown goal_id: 18446744071742401084
1776616774.5948761 [llava_node-1] [ERROR] [llama.cpp:run_loop:1490] No tokens to decode in this iteration
1776616774.7020519 [rgbd_odometry-7] [33m[ WARN] (2026-04-19 18:39:29.738) OdometryF2M.cpp:626::computeTransform() Registration failed: "Not enough inliers 6/20 (matches=121) between -1 and 53" (guess=xyz=0.203683,-0.015180,0.007703 rpy=0.000374,-0.049201,-0.201031)[0m
1776616774.7022045 [rgbd_odometry-7] [33m[ WARN] (2026-04-19 18:39:29.738) OdometryF2M.cpp:319::computeTransform() Failed to find a transformation with the provided guess (xyz=0.203683,-0.015180,0.007703 rpy=0.000374,-0.049201,-0.201031), trying again without a guess.[0m
1776616774.7022705 [rgbd_odometry-7] [33m[ WARN] (2026-04-19 18:39:29.998) OdometryF2M.cpp:636::computeTransform() Trial with no guess succeeded![0m
1776616774.7023270 [rgbd_odometry-7] [33m[ WARN] (2026-04-19 18:39:30.111) OdometryF2M.cpp:626::computeTransform() Registration failed: "Not enough inliers 7/20 (matches=132) between -1 and 54" (guess=xyz=0.141765,-0.005053,0.005679 rpy=-0.014896,-0.052708,-0.087323)[0m
1776616774.7023799 [rgbd_odometry-7] [33m[ WARN] (2026-04-19 18:39:30.111) OdometryF2M.cpp:319::computeTransform() Failed to find a transformation with the provided guess (xyz=0.141765,-0.005053,0.005679 rpy=-0.014896,-0.052708,-0.087323), trying again without a guess.[0m
1776616774.7024305 [rgbd_odometry-7] [33m[ WARN] (2026-04-19 18:39:30.375) OdometryF2M.cpp:636::computeTransform() Trial with no guess succeeded![0m
1776616774.7025008 [rgbd_odometry-7] [33m[ WARN] (2026-04-19 18:39:30.582) OdometryF2M.cpp:626::computeTransform() Registration failed: "Not enough inliers 6/20 (matches=121) between -1 and 55" (guess=xyz=0.138725,0.007802,0.002057 rpy=-0.026548,-0.047875,-0.014756)[0m
1776616774.7025533 [rgbd_odometry-7] [33m[ WARN] (2026-04-19 18:39:30.583) OdometryF2M.cpp:319::computeTransform() Failed to find a transformation with the provided guess (xyz=0.138725,0.007802,0.002057 rpy=-0.026548,-0.047875,-0.014756), trying again without a guess.[0m
1776616774.7026043 [rgbd_odometry-7] [33m[ WARN] (2026-04-19 18:39:30.867) OdometryF2M.cpp:636::computeTransform() Trial with no guess succeeded![0m
1776616774.7026527 [rgbd_odometry-7] [33m[ WARN] (2026-04-19 18:39:31.327) OdometryF2M.cpp:626::computeTransform() Registration failed: "Not enough inliers 0/20 (matches=95) between -1 and 56" (guess=xyz=0.237492,0.044535,-0.012210 rpy=-0.051504,-0.002461,0.190948)[0m
1776616774.7026997 [rgbd_odometry-7] [33m[ WARN] (2026-04-19 18:39:31.328) OdometryF2M.cpp:319::computeTransform() Failed to find a transformation with the provided guess (xyz=0.237492,0.044535,-0.012210 rpy=-0.051504,-0.002461,0.190948), trying again without a guess.[0m
1776616774.7027459 [rgbd_odometry-7] [33m[ WARN] (2026-04-19 18:39:31.536) OdometryF2M.cpp:616::computeTransform() Trial with no guess still fail.[0m
1776616774.7027924 [rgbd_odometry-7] [33m[ WARN] (2026-04-19 18:39:31.536) OdometryF2M.cpp:626::computeTransform() Registration failed: "Not enough inliers 7/20 (matches=157) between -1 and 56" (guess=xyz=0.237492,0.044535,-0.012210 rpy=-0.051504,-0.002461,0.190948)[0m
1776616774.7028384 [rgbd_odometry-7] [33m[ WARN] (2026-04-19 18:39:33.713) OdometryF2M.cpp:626::computeTransform() Registration failed: "Not enough inliers 13/20 (matches=187) between -1 and 13" (guess=xyz=0.059629,-0.000988,-0.001266 rpy=0.005581,0.003404,0.039172)[0m
1776616774.7028987 [rgbd_odometry-7] [33m[ WARN] (2026-04-19 18:39:33.714) OdometryF2M.cpp:319::computeTransform() Failed to find a transformation with the provided guess (xyz=0.059629,-0.000988,-0.001266 rpy=0.005581,0.003404,0.039172), trying again without a guess.[0m
1776616774.7029488 [rgbd_odometry-7] [33m[ WARN] (2026-04-19 18:39:33.979) OdometryF2M.cpp:636::computeTransform() Trial with no guess succeeded![0m
1776616774.7030029 [rgbd_odometry-7] [33m[ WARN] (2026-04-19 18:39:34.101) OdometryF2M.cpp:626::computeTransform() Registration failed: "Not enough inliers 7/20 (matches=108) between -1 and 14" (guess=xyz=0.208001,-0.012356,-0.005252 rpy=0.026408,0.020623,0.011581)[0m
1776616774.7030520 [rgbd_odometry-7] [33m[ WARN] (2026-04-19 18:39:34.101) OdometryF2M.cpp:319::computeTransform() Failed to find a transformation with the provided guess (xyz=0.208001,-0.012356,-0.005252 rpy=0.026408,0.020623,0.011581), trying again without a guess.[0m
1776616774.7030993 [rgbd_odometry-7] [33m[ WARN] (2026-04-19 18:39:34.367) OdometryF2M.cpp:636::computeTransform() Trial with no guess succeeded![0m
1776616774.7035601 [rtabmap-8] [33m[ WARN] (2026-04-19 18:39:30.825) MsgConversion.cpp:2010::getTransform() (getting transform base_link -> rover/base_link/imu_sensor) "rover/base_link/imu_sensor" passed to lookupTransform argument source_frame does not exist.  (wait_for_transform=0.200000)[0m
1776616774.7036386 [rtabmap-8] [33m[ WARN] (2026-04-19 18:39:32.490) MsgConversion.cpp:2010::getTransform() (getting transform base_link -> rover/base_link/imu_sensor) "rover/base_link/imu_sensor" passed to lookupTransform argument source_frame does not exist.  (wait_for_transform=0.200000)[0m
1776616774.7036905 [rtabmap-8] [33m[ WARN] (2026-04-19 18:39:34.179) MsgConversion.cpp:2010::getTransform() (getting transform base_link -> rover/base_link/imu_sensor) "rover/base_link/imu_sensor" passed to lookupTransform argument source_frame does not exist.  (wait_for_transform=0.200000)[0m
1776616779.7021744 [rgbd_odometry-7] [33m[ WARN] (2026-04-19 18:39:34.977) OdometryF2M.cpp:626::computeTransform() Registration failed: "Not enough inliers 7/20 (matches=183) between -1 and 17" (guess=xyz=-0.054234,0.054864,0.004132 rpy=-0.021055,-0.006354,-0.171267)[0m
1776616779.7023208 [rgbd_odometry-7] [33m[ WARN] (2026-04-19 18:39:34.977) OdometryF2M.cpp:319::computeTransform() Failed to find a transformation with the provided guess (xyz=-0.054234,0.054864,0.004132 rpy=-0.021055,-0.006354,-0.171267), trying again without a guess.[0m
1776616779.7023842 [rgbd_odometry-7] [33m[ WARN] (2026-04-19 18:39:35.257) OdometryF2M.cpp:636::computeTransform() Trial with no guess succeeded![0m
1776616779.7024381 [rgbd_odometry-7] [33m[ WARN] (2026-04-19 18:39:35.511) OdometryF2M.cpp:626::computeTransform() Registration failed: "Not enough inliers 10/20 (matches=225) between -1 and 18" (guess=xyz=-0.182372,0.081005,0.007096 rpy=-0.036606,-0.013274,-0.230392)[0m
1776616779.7024887 [rgbd_odometry-7] [33m[ WARN] (2026-04-19 18:39:35.512) OdometryF2M.cpp:319::computeTransform() Failed to find a transformation with the provided guess (xyz=-0.182372,0.081005,0.007096 rpy=-0.036606,-0.013274,-0.230392), trying again without a guess.[0m
1776616779.7025361 [rgbd_odometry-7] [33m[ WARN] (2026-04-19 18:39:35.793) OdometryF2M.cpp:636::computeTransform() Trial with no guess succeeded![0m
1776616779.7025826 [rgbd_odometry-7] [33m[ WARN] (2026-04-19 18:39:35.908) OdometryF2M.cpp:626::computeTransform() Registration failed: "Not enough inliers 10/20 (matches=242) between -1 and 19" (guess=xyz=-0.104432,0.023077,0.002401 rpy=-0.013007,-0.005896,-0.056814)[0m
1776616779.7026272 [rgbd_odometry-7] [33m[ WARN] (2026-04-19 18:39:35.908) OdometryF2M.cpp:319::computeTransform() Failed to find a transformation with the provided guess (xyz=-0.104432,0.023077,0.002401 rpy=-0.013007,-0.005896,-0.056814), trying again without a guess.[0m
1776616779.7026713 [rgbd_odometry-7] [33m[ WARN] (2026-04-19 18:39:36.194) OdometryF2M.cpp:636::computeTransform() Trial with no guess succeeded![0m
1776616779.7032075 [rtabmap-8] [33m[ WARN] (2026-04-19 18:39:35.839) MsgConversion.cpp:2010::getTransform() (getting transform base_link -> rover/base_link/imu_sensor) "rover/base_link/imu_sensor" passed to lookupTransform argument source_frame does not exist.  (wait_for_transform=0.200000)[0m
1776616779.7032714 [rtabmap-8] [33m[ WARN] (2026-04-19 18:39:37.111) MsgConversion.cpp:2010::getTransform() (getting transform base_link -> rover/base_link/imu_sensor) "rover/base_link/imu_sensor" passed to lookupTransform argument source_frame does not exist.  (wait_for_transform=0.200000)[0m
1776616779.7033198 [rtabmap-8] [33m[ WARN] (2026-04-19 18:39:38.937) MsgConversion.cpp:2010::getTransform() (getting transform base_link -> rover/base_link/imu_sensor) "rover/base_link/imu_sensor" passed to lookupTransform argument source_frame does not exist.  (wait_for_transform=0.200000)[0m
1776616784.7023537 [rgbd_odometry-7] [33m[ WARN] (2026-04-19 18:39:43.301) OdometryF2M.cpp:626::computeTransform() Registration failed: "Not enough inliers 9/20 (matches=159) between -1 and 52" (guess=xyz=0.049072,-0.012033,-0.003447 rpy=0.029177,0.026263,-0.115973)[0m
1776616784.7025626 [rgbd_odometry-7] [33m[ WARN] (2026-04-19 18:39:43.301) OdometryF2M.cpp:319::computeTransform() Failed to find a transformation with the provided guess (xyz=0.049072,-0.012033,-0.003447 rpy=0.029177,0.026263,-0.115973), trying again without a guess.[0m
1776616784.7026708 [rgbd_odometry-7] [33m[ WARN] (2026-04-19 18:39:43.574) OdometryF2M.cpp:636::computeTransform() Trial with no guess succeeded![0m
1776616784.7027984 [rgbd_odometry-7] [33m[ WARN] (2026-04-19 18:39:43.969) OdometryF2M.cpp:626::computeTransform() Registration failed: "Not enough inliers 7/20 (matches=122) between -1 and 53" (guess=xyz=0.114774,-0.018801,-0.001519 rpy=0.029391,0.032755,-0.231405)[0m
1776616784.7029529 [rgbd_odometry-7] [33m[ WARN] (2026-04-19 18:39:43.969) OdometryF2M.cpp:319::computeTransform() Failed to find a transformation with the provided guess (xyz=0.114774,-0.018801,-0.001519 rpy=0.029391,0.032755,-0.231405), trying again without a guess.[0m
1776616784.7030022 [rgbd_odometry-7] [33m[ WARN] (2026-04-19 18:39:44.176) OdometryF2M.cpp:616::computeTransform() Trial with no guess still fail.[0m
1776616784.7030442 [rgbd_odometry-7] [33m[ WARN] (2026-04-19 18:39:44.176) OdometryF2M.cpp:626::computeTransform() Registration failed: "Not enough inliers 16/20 (matches=200) between -1 and 53" (guess=xyz=0.114774,-0.018801,-0.001519 rpy=0.029391,0.032755,-0.231405)[0m
1776616784.7034261 [rtabmap-8] [33m[ WARN] (2026-04-19 18:39:40.403) MsgConversion.cpp:2010::getTransform() (getting transform base_link -> rover/base_link/imu_sensor) "rover/base_link/imu_sensor" passed to lookupTransform argument source_frame does not exist.  (wait_for_transform=0.200000)[0m
1776616784.7034786 [rtabmap-8] [33m[ WARN] (2026-04-19 18:39:41.904) MsgConversion.cpp:2010::getTransform() (getting transform base_link -> rover/base_link/imu_sensor) "rover/base_link/imu_sensor" passed to lookupTransform argument source_frame does not exist.  (wait_for_transform=0.200000)[0m
1776616784.7035134 [rtabmap-8] [33m[ WARN] (2026-04-19 18:39:43.393) MsgConversion.cpp:2010::getTransform() (getting transform base_link -> rover/base_link/imu_sensor) "rover/base_link/imu_sensor" passed to lookupTransform argument source_frame does not exist.  (wait_for_transform=0.200000)[0m
1776616789.7036140 [rtabmap-8] [33m[ WARN] (2026-04-19 18:39:44.840) MsgConversion.cpp:2010::getTransform() (getting transform base_link -> rover/base_link/imu_sensor) "rover/base_link/imu_sensor" passed to lookupTransform argument source_frame does not exist.  (wait_for_transform=0.200000)[0m
1776616789.7037671 [rtabmap-8] [33m[ WARN] (2026-04-19 18:39:46.172) MsgConversion.cpp:2010::getTransform() (getting transform base_link -> rover/base_link/imu_sensor) "rover/base_link/imu_sensor" passed to lookupTransform argument source_frame does not exist.  (wait_for_transform=0.200000)[0m
1776616789.7038276 [rtabmap-8] [33m[ WARN] (2026-04-19 18:39:47.537) MsgConversion.cpp:2010::getTransform() (getting transform base_link -> rover/base_link/imu_sensor) "rover/base_link/imu_sensor" passed to lookupTransform argument source_frame does not exist.  (wait_for_transform=0.200000)[0m
1776616789.7038805 [rtabmap-8] [33m[ WARN] (2026-04-19 18:39:48.779) MsgConversion.cpp:2010::getTransform() (getting transform base_link -> rover/base_link/imu_sensor) "rover/base_link/imu_sensor" passed to lookupTransform argument source_frame does not exist.  (wait_for_transform=0.200000)[0m
1776616789.7039714 [rtabmap-8] [33m[ WARN] (2026-04-19 18:39:48.895) Rtabmap.cpp:3885::process() Rejecting all added loop closures (1, first is 66 <-> 34) in this iteration because a wrong loop closure has been detected after graph optimization, resulting in a maximum graph error ratio of 0.619114 (edge 44->45, type=0, abs error=24.381859 deg, stddev=0.104616). The maximum error ratio parameter "RGBD/OptimizeMaxError" is 0.500000 of std deviation.[0m
1776616789.7040231 [rtabmap-8] [33m[ WARN] (2026-04-19 18:39:48.895) Rtabmap.cpp:3923::process() Loop closure 66->34 rejected![0m
1776616794.7023540 [rgbd_odometry-7] [33m[ WARN] (2026-04-19 18:39:51.194) OdometryF2M.cpp:626::computeTransform() Registration failed: "Not enough inliers 6/20 (matches=116) between -1 and 40" (guess=xyz=0.091612,-0.004090,-0.001269 rpy=-0.002337,-0.009801,0.033132)[0m
1776616794.7025027 [rgbd_odometry-7] [33m[ WARN] (2026-04-19 18:39:51.195) OdometryF2M.cpp:319::computeTransform() Failed to find a transformation with the provided guess (xyz=0.091612,-0.004090,-0.001269 rpy=-0.002337,-0.009801,0.033132), trying again without a guess.[0m
1776616794.7025671 [rgbd_odometry-7] [33m[ WARN] (2026-04-19 18:39:51.483) OdometryF2M.cpp:636::computeTransform() Trial with no guess succeeded![0m
1776616794.7026238 [rgbd_odometry-7] [33m[ WARN] (2026-04-19 18:39:51.626) OdometryF2M.cpp:626::computeTransform() Registration failed: "Not enough inliers 6/20 (matches=76) between -1 and 41" (guess=xyz=0.187521,-0.005597,-0.002787 rpy=-0.026316,0.003951,-0.016953)[0m
1776616794.7026753 [rgbd_odometry-7] [33m[ WARN] (2026-04-19 18:39:51.626) OdometryF2M.cpp:319::computeTransform() Failed to find a transformation with the provided guess (xyz=0.187521,-0.005597,-0.002787 rpy=-0.026316,0.003951,-0.016953), trying again without a guess.[0m
1776616794.7027252 [rgbd_odometry-7] [33m[ WARN] (2026-04-19 18:39:51.854) OdometryF2M.cpp:616::computeTransform() Trial with no guess still fail.[0m
1776616794.7027736 [rgbd_odometry-7] [33m[ WARN] (2026-04-19 18:39:51.854) OdometryF2M.cpp:626::computeTransform() Registration failed: "Not enough inliers 6/20 (matches=124) between -1 and 41" (guess=xyz=0.187521,-0.005597,-0.002787 rpy=-0.026316,0.003951,-0.016953)[0m
1776616794.7028210 [rgbd_odometry-7] [33m[ WARN] (2026-04-19 18:39:53.819) OdometryF2M.cpp:626::computeTransform() Registration failed: "Not enough inliers 6/20 (matches=90) between -1 and 11" (guess=xyz=0.124437,-0.004757,-0.003506 rpy=-0.008226,-0.000432,0.095495)[0m
1776616794.7028685 [rgbd_odometry-7] [33m[ WARN] (2026-04-19 18:39:53.820) OdometryF2M.cpp:319::computeTransform() Failed to find a transformation with the provided guess (xyz=0.124437,-0.004757,-0.003506 rpy=-0.008226,-0.000432,0.095495), trying again without a guess.[0m
1776616794.7029335 [rgbd_odometry-7] [33m[ WARN] (2026-04-19 18:39:54.024) OdometryF2M.cpp:616::computeTransform() Trial with no guess still fail.[0m
1776616794.7029800 [rgbd_odometry-7] [33m[ WARN] (2026-04-19 18:39:54.024) OdometryF2M.cpp:626::computeTransform() Registration failed: "Not enough inliers 0/20 (matches=116) between -1 and 11" (guess=xyz=0.124437,-0.004757,-0.003506 rpy=-0.008226,-0.000432,0.095495)[0m
1776616794.7035100 [rtabmap-8] [33m[ WARN] (2026-04-19 18:39:50.032) MsgConversion.cpp:2010::getTransform() (getting transform base_link -> rover/base_link/imu_sensor) "rover/base_link/imu_sensor" passed to lookupTransform argument source_frame does not exist.  (wait_for_transform=0.200000)[0m
1776616794.7035775 [rtabmap-8] [33m[ WARN] (2026-04-19 18:39:50.148) Rtabmap.cpp:3885::process() Rejecting all added loop closures (1, first is 67 <-> 33) in this iteration because a wrong loop closure has been detected after graph optimization, resulting in a maximum graph error ratio of 0.540339 (edge 44->45, type=0, abs error=21.279547 deg, stddev=0.104616). The maximum error ratio parameter "RGBD/OptimizeMaxError" is 0.500000 of std deviation.[0m
1776616794.7036417 [rtabmap-8] [33m[ WARN] (2026-04-19 18:39:50.148) Rtabmap.cpp:3923::process() Loop closure 67->33 rejected![0m
1776616794.7036898 [rtabmap-8] [33m[ WARN] (2026-04-19 18:39:51.321) MsgConversion.cpp:2010::getTransform() (getting transform base_link -> rover/base_link/imu_sensor) "rover/base_link/imu_sensor" passed to lookupTransform argument source_frame does not exist.  (wait_for_transform=0.200000)[0m
1776616794.7037356 [rtabmap-8] [33m[ WARN] (2026-04-19 18:39:52.745) MsgConversion.cpp:2010::getTransform() (getting transform base_link -> rover/base_link/imu_sensor) "rover/base_link/imu_sensor" passed to lookupTransform argument source_frame does not exist.  (wait_for_transform=0.200000)[0m
1776616794.7037787 [rtabmap-8] [33m[ WARN] (2026-04-19 18:39:54.085) MsgConversion.cpp:2010::getTransform() (getting transform base_link -> rover/base_link/imu_sensor) "rover/base_link/imu_sensor" passed to lookupTransform argument source_frame does not exist.  (wait_for_transform=0.200000)[0m
1776616799.5807683 [llava_node-1] [ERROR] [llava.cpp:clear_mtmds:116] Clearing mtmds...
1776616799.6311378 [llava_node-1] [WARN] [llama.cpp:run_loop:1395] Empty prompt on slot 0
1776616799.6312885 [llava_node-1] [WARN] [task_registry.cpp:fail_pending:64] Attempted to fail unknown goal_id: 1083773081
1776616799.6314306 [llava_node-1] [ERROR] [llama.cpp:run_loop:1490] No tokens to decode in this iteration
1776616799.7023842 [rgbd_odometry-7] [33m[ WARN] (2026-04-19 18:39:56.195) OdometryF2M.cpp:626::computeTransform() Registration failed: "Not enough inliers 9/20 (matches=100) between -1 and 13" (guess=xyz=0.167211,0.009643,-0.001836 rpy=-0.013045,0.033656,0.255657)[0m
1776616799.7025051 [rgbd_odometry-7] [33m[ WARN] (2026-04-19 18:39:56.195) OdometryF2M.cpp:319::computeTransform() Failed to find a transformation with the provided guess (xyz=0.167211,0.009643,-0.001836 rpy=-0.013045,0.033656,0.255657), trying again without a guess.[0m
1776616799.7025692 [rgbd_odometry-7] [33m[ WARN] (2026-04-19 18:39:56.396) OdometryF2M.cpp:616::computeTransform() Trial with no guess still fail.[0m
1776616799.7026253 [rgbd_odometry-7] [33m[ WARN] (2026-04-19 18:39:56.396) OdometryF2M.cpp:626::computeTransform() Registration failed: "Not enough inliers 0/20 (matches=126) between -1 and 13" (guess=xyz=0.167211,0.009643,-0.001836 rpy=-0.013045,0.033656,0.255657)[0m
1776616799.7026985 [rgbd_odometry-7] [33m[ WARN] (2026-04-19 18:39:56.939) OdometryF2M.cpp:626::computeTransform() Registration failed: "Not enough inliers 15/20 (matches=60) between -1 and 5" (guess=xyz=0.115163,-0.004368,-0.005977 rpy=-0.006287,-0.015550,-0.078093)[0m
1776616799.7027500 [rgbd_odometry-7] [33m[ WARN] (2026-04-19 18:39:56.939) OdometryF2M.cpp:319::computeTransform() Failed to find a transformation with the provided guess (xyz=0.115163,-0.004368,-0.005977 rpy=-0.006287,-0.015550,-0.078093), trying again without a guess.[0m
1776616799.7027984 [rgbd_odometry-7] [33m[ WARN] (2026-04-19 18:39:57.002) OdometryF2M.cpp:616::computeTransform() Trial with no guess still fail.[0m
1776616799.7028449 [rgbd_odometry-7] [33m[ WARN] (2026-04-19 18:39:57.002) OdometryF2M.cpp:626::computeTransform() Registration failed: "Not enough inliers 7/20 (matches=55) between -1 and 5" (guess=xyz=0.115163,-0.004368,-0.005977 rpy=-0.006287,-0.015550,-0.078093)[0m
1776616799.7029004 [rgbd_odometry-7] [33m[ WARN] (2026-04-19 18:39:59.062) OdometryF2M.cpp:626::computeTransform() Registration failed: "Not enough inliers 0/20 (matches=65) between -1 and 15" (guess=xyz=0.130923,0.009665,0.000833 rpy=-0.004682,0.055859,-0.040819)[0m
1776616799.7030315 [rgbd_odometry-7] [33m[ WARN] (2026-04-19 18:39:59.062) OdometryF2M.cpp:319::computeTransform() Failed to find a transformation with the provided guess (xyz=0.130923,0.009665,0.000833 rpy=-0.004682,0.055859,-0.040819), trying again without a guess.[0m
1776616799.7030690 [rgbd_odometry-7] [33m[ WARN] (2026-04-19 18:39:59.261) OdometryF2M.cpp:616::computeTransform() Trial with no guess still fail.[0m
1776616799.7030950 [rgbd_odometry-7] [33m[ WARN] (2026-04-19 18:39:59.261) OdometryF2M.cpp:626::computeTransform() Registration failed: "Not enough inliers 0/20 (matches=128) between -1 and 15" (guess=xyz=0.130923,0.009665,0.000833 rpy=-0.004682,0.055859,-0.040819)[0m
1776616799.7036724 [rtabmap-8] [33m[ WARN] (2026-04-19 18:39:55.559) MsgConversion.cpp:2010::getTransform() (getting transform base_link -> rover/base_link/imu_sensor) "rover/base_link/imu_sensor" passed to lookupTransform argument source_frame does not exist.  (wait_for_transform=0.200000)[0m
1776616799.7037759 [rtabmap-8] [33m[ WARN] (2026-04-19 18:39:57.140) MsgConversion.cpp:2010::getTransform() (getting transform base_link -> rover/base_link/imu_sensor) "rover/base_link/imu_sensor" passed to lookupTransform argument source_frame does not exist.  (wait_for_transform=0.200000)[0m
1776616799.7038443 [rtabmap-8] [33m[ WARN] (2026-04-19 18:39:58.274) MsgConversion.cpp:2010::getTransform() (getting transform base_link -> rover/base_link/imu_sensor) "rover/base_link/imu_sensor" passed to lookupTransform argument source_frame does not exist.  (wait_for_transform=0.200000)[0m
1776616799.7039106 [rtabmap-8] [33m[ WARN] (2026-04-19 18:39:59.466) MsgConversion.cpp:2010::getTransform() (getting transform base_link -> rover/base_link/imu_sensor) "rover/base_link/imu_sensor" passed to lookupTransform argument source_frame does not exist.  (wait_for_transform=0.200000)[0m
1776616804.7039144 [rtabmap-8] [33m[ WARN] (2026-04-19 18:40:00.776) MsgConversion.cpp:2010::getTransform() (getting transform base_link -> rover/base_link/imu_sensor) "rover/base_link/imu_sensor" passed to lookupTransform argument source_frame does not exist.  (wait_for_transform=0.200000)[0m
1776616804.7040789 [rtabmap-8] [33m[ WARN] (2026-04-19 18:40:01.977) MsgConversion.cpp:2010::getTransform() (getting transform base_link -> rover/base_link/imu_sensor) "rover/base_link/imu_sensor" passed to lookupTransform argument source_frame does not exist.  (wait_for_transform=0.200000)[0m
1776616804.7041376 [rtabmap-8] [33m[ WARN] (2026-04-19 18:40:03.440) MsgConversion.cpp:2010::getTransform() (getting transform base_link -> rover/base_link/imu_sensor) "rover/base_link/imu_sensor" passed to lookupTransform argument source_frame does not exist.  (wait_for_transform=0.200000)[0m
1776616804.7041869 [rtabmap-8] [33m[ WARN] (2026-04-19 18:40:04.557) MsgConversion.cpp:2010::getTransform() (getting transform base_link -> rover/base_link/imu_sensor) "rover/base_link/imu_sensor" passed to lookupTransform argument source_frame does not exist.  (wait_for_transform=0.200000)[0m
1776616809.7042878 [rtabmap-8] [33m[ WARN] (2026-04-19 18:40:05.920) MsgConversion.cpp:2010::getTransform() (getting transform base_link -> rover/base_link/imu_sensor) "rover/base_link/imu_sensor" passed to lookupTransform argument source_frame does not exist.  (wait_for_transform=0.200000)[0m
1776616809.7044880 [rtabmap-8] [33m[ WARN] (2026-04-19 18:40:07.053) MsgConversion.cpp:2010::getTransform() (getting transform base_link -> rover/base_link/imu_sensor) "rover/base_link/imu_sensor" passed to lookupTransform argument source_frame does not exist.  (wait_for_transform=0.200000)[0m
1776616809.7045760 [rtabmap-8] [33m[ WARN] (2026-04-19 18:40:08.399) MsgConversion.cpp:2010::getTransform() (getting transform base_link -> rover/base_link/imu_sensor) "rover/base_link/imu_sensor" passed to lookupTransform argument source_frame does not exist.  (wait_for_transform=0.200000)[0m
1776616814.3234844 [llava_node-1] [ERROR] [llava.cpp:clear_mtmds:116] Clearing mtmds...
1776616814.3396654 [llava_node-1] [WARN] [llama.cpp:run_loop:1395] Empty prompt on slot 0
1776616814.3398585 [llava_node-1] [WARN] [task_registry.cpp:fail_pending:64] Attempted to fail unknown goal_id: 1171163750
1776616814.3401141 [llava_node-1] [ERROR] [llama.cpp:run_loop:1490] No tokens to decode in this iteration
1776616814.7026718 [rgbd_odometry-7] [33m[ WARN] (2026-04-19 18:40:13.676) OdometryF2M.cpp:626::computeTransform() Registration failed: "Not enough inliers 9/20 (matches=135) between -1 and 107" (guess=xyz=0.123726,-0.001385,0.005464 rpy=0.006539,-0.040448,-0.000609)[0m
1776616814.7028224 [rgbd_odometry-7] [33m[ WARN] (2026-04-19 18:40:13.676) OdometryF2M.cpp:319::computeTransform() Failed to find a transformation with the provided guess (xyz=0.123726,-0.001385,0.005464 rpy=0.006539,-0.040448,-0.000609), trying again without a guess.[0m
1776616814.7029042 [rgbd_odometry-7] [33m[ WARN] (2026-04-19 18:40:14.005) OdometryF2M.cpp:636::computeTransform() Trial with no guess succeeded![0m
1776616814.7029657 [rgbd_odometry-7] [33m[ WARN] (2026-04-19 18:40:14.492) OdometryF2M.cpp:626::computeTransform() Registration failed: "Not enough inliers 15/20 (matches=130) between -1 and 110" (guess=xyz=0.083165,0.005466,0.016677 rpy=0.008837,-0.008671,-0.078030)[0m
1776616814.7030213 [rgbd_odometry-7] [33m[ WARN] (2026-04-19 18:40:14.492) OdometryF2M.cpp:319::computeTransform() Failed to find a transformation with the provided guess (xyz=0.083165,0.005466,0.016677 rpy=0.008837,-0.008671,-0.078030), trying again without a guess.[0m
1776616814.7039931 [rtabmap-8] [33m[ WARN] (2026-04-19 18:40:09.998) MsgConversion.cpp:2010::getTransform() (getting transform base_link -> rover/base_link/imu_sensor) "rover/base_link/imu_sensor" passed to lookupTransform argument source_frame does not exist.  (wait_for_transform=0.200000)[0m
1776616814.7040687 [rtabmap-8] [33m[ WARN] (2026-04-19 18:40:11.164) MsgConversion.cpp:2010::getTransform() (getting transform base_link -> rover/base_link/imu_sensor) "rover/base_link/imu_sensor" passed to lookupTransform argument source_frame does not exist.  (wait_for_transform=0.200000)[0m
1776616814.7041242 [rtabmap-8] [33m[ WARN] (2026-04-19 18:40:12.439) MsgConversion.cpp:2010::getTransform() (getting transform base_link -> rover/base_link/imu_sensor) "rover/base_link/imu_sensor" passed to lookupTransform argument source_frame does not exist.  (wait_for_transform=0.200000)[0m
1776616814.7041759 [rtabmap-8] [33m[ WARN] (2026-04-19 18:40:12.575) Rtabmap.cpp:3885::process() Rejecting all added loop closures (1, first is 84 <-> 67) in this iteration because a wrong loop closure has been detected after graph optimization, resulting in a maximum graph error ratio of 1.578737 (edge 69->70, type=0, abs error=77.834937 deg, stddev=0.077909). The maximum error ratio parameter "RGBD/OptimizeMaxError" is 0.500000 of std deviation.[0m
1776616814.7042258 [rtabmap-8] [33m[ WARN] (2026-04-19 18:40:12.575) Rtabmap.cpp:3923::process() Loop closure 84->67 rejected![0m
1776616814.7042778 [rtabmap-8] [33m[ WARN] (2026-04-19 18:40:13.771) MsgConversion.cpp:2010::getTransform() (getting transform base_link -> rover/base_link/imu_sensor) "rover/base_link/imu_sensor" passed to lookupTransform argument source_frame does not exist.  (wait_for_transform=0.200000)[0m
1776616819.7028418 [rgbd_odometry-7] [33m[ WARN] (2026-04-19 18:40:14.826) OdometryF2M.cpp:636::computeTransform() Trial with no guess succeeded![0m
1776616819.7030234 [rgbd_odometry-7] [33m[ WARN] (2026-04-19 18:40:15.054) OdometryF2M.cpp:626::computeTransform() Registration failed: "Not enough inliers 0/20 (matches=56) between -1 and 111" (guess=xyz=0.132428,0.017560,0.039968 rpy=0.016520,0.022655,-0.214482)[0m
1776616819.7030976 [rgbd_odometry-7] [33m[ WARN] (2026-04-19 18:40:15.055) OdometryF2M.cpp:319::computeTransform() Failed to find a transformation with the provided guess (xyz=0.132428,0.017560,0.039968 rpy=0.016520,0.022655,-0.214482), trying again without a guess.[0m
1776616819.7031624 [rgbd_odometry-7] [33m[ WARN] (2026-04-19 18:40:15.395) OdometryF2M.cpp:636::computeTransform() Trial with no guess succeeded![0m
1776616819.7032220 [rgbd_odometry-7] [33m[ WARN] (2026-04-19 18:40:15.489) OdometryF2M.cpp:626::computeTransform() Registration failed: "Not enough inliers 7/20 (matches=65) between -1 and 112" (guess=xyz=0.007313,0.006387,0.013436 rpy=0.004884,0.023876,-0.089320)[0m
1776616819.7032797 [rgbd_odometry-7] [33m[ WARN] (2026-04-19 18:40:15.489) OdometryF2M.cpp:319::computeTransform() Failed to find a transformation with the provided guess (xyz=0.007313,0.006387,0.013436 rpy=0.004884,0.023876,-0.089320), trying again without a guess.[0m
1776616819.7033355 [rgbd_odometry-7] [33m[ WARN] (2026-04-19 18:40:15.821) OdometryF2M.cpp:636::computeTransform() Trial with no guess succeeded![0m
1776616819.7033901 [rgbd_odometry-7] [33m[ WARN] (2026-04-19 18:40:16.226) OdometryF2M.cpp:626::computeTransform() Registration failed: "Not enough inliers 16/20 (matches=247) between -1 and 113" (guess=xyz=-0.163101,-0.015837,-0.019680 rpy=-0.012346,0.029690,0.051672)[0m
1776616819.7034445 [rgbd_odometry-7] [33m[ WARN] (2026-04-19 18:40:16.227) OdometryF2M.cpp:319::computeTransform() Failed to find a transformation with the provided guess (xyz=-0.163101,-0.015837,-0.019680 rpy=-0.012346,0.029690,0.051672), trying again without a guess.[0m
1776616819.7035234 [rgbd_odometry-7] [33m[ WARN] (2026-04-19 18:40:16.548) OdometryF2M.cpp:636::computeTransform() Trial with no guess succeeded![0m
1776616819.7041883 [rtabmap-8] [33m[ WARN] (2026-04-19 18:40:15.117) MsgConversion.cpp:2010::getTransform() (getting transform base_link -> rover/base_link/imu_sensor) "rover/base_link/imu_sensor" passed to lookupTransform argument source_frame does not exist.  (wait_for_transform=0.200000)[0m
1776616819.7043092 [rtabmap-8] [33m[ WARN] (2026-04-19 18:40:16.373) MsgConversion.cpp:2010::getTransform() (getting transform base_link -> rover/base_link/imu_sensor) "rover/base_link/imu_sensor" passed to lookupTransform argument source_frame does not exist.  (wait_for_transform=0.200000)[0m
1776616819.7043757 [rtabmap-8] [33m[ WARN] (2026-04-19 18:40:17.641) MsgConversion.cpp:2010::getTransform() (getting transform base_link -> rover/base_link/imu_sensor) "rover/base_link/imu_sensor" passed to lookupTransform argument source_frame does not exist.  (wait_for_transform=0.200000)[0m
1776616819.7044318 [rtabmap-8] [33m[ WARN] (2026-04-19 18:40:18.912) MsgConversion.cpp:2010::getTransform() (getting transform base_link -> rover/base_link/imu_sensor) "rover/base_link/imu_sensor" passed to lookupTransform argument source_frame does not exist.  (wait_for_transform=0.200000)[0m
1776616824.7043056 [rtabmap-8] [33m[ WARN] (2026-04-19 18:40:20.319) MsgConversion.cpp:2010::getTransform() (getting transform base_link -> rover/base_link/imu_sensor) "rover/base_link/imu_sensor" passed to lookupTransform argument source_frame does not exist.  (wait_for_transform=0.200000)[0m
1776616824.7044499 [rtabmap-8] [33m[ WARN] (2026-04-19 18:40:21.831) MsgConversion.cpp:2010::getTransform() (getting transform base_link -> rover/base_link/imu_sensor) "rover/base_link/imu_sensor" passed to lookupTransform argument source_frame does not exist.  (wait_for_transform=0.200000)[0m
1776616824.7045143 [rtabmap-8] [33m[ WARN] (2026-04-19 18:40:23.089) MsgConversion.cpp:2010::getTransform() (getting transform base_link -> rover/base_link/imu_sensor) "rover/base_link/imu_sensor" passed to lookupTransform argument source_frame does not exist.  (wait_for_transform=0.200000)[0m
1776616824.7045691 [rtabmap-8] [33m[ WARN] (2026-04-19 18:40:24.558) MsgConversion.cpp:2010::getTransform() (getting transform base_link -> rover/base_link/imu_sensor) "rover/base_link/imu_sensor" passed to lookupTransform argument source_frame does not exist.  (wait_for_transform=0.200000)[0m
1776616829.3671780 [rgbd_odometry-7] [33m[ WARN] (2026-04-19 18:40:26.358) OdometryF2M.cpp:626::computeTransform() Registration failed: "Not enough inliers 8/20 (matches=130) between -1 and 163" (guess=xyz=0.075698,0.003227,-0.000707 rpy=-0.003476,0.021535,0.035185)[0m
1776616829.3673289 [rgbd_odometry-7] [33m[ WARN] (2026-04-19 18:40:26.359) OdometryF2M.cpp:319::computeTransform() Failed to find a transformation with the provided guess (xyz=0.075698,0.003227,-0.000707 rpy=-0.003476,0.021535,0.035185), trying again without a guess.[0m
1776616829.3673925 [rgbd_odometry-7] [33m[ WARN] (2026-04-19 18:40:26.617) OdometryF2M.cpp:636::computeTransform() Trial with no guess succeeded![0m
1776616829.3674679 [rgbd_odometry-7] [33m[ WARN] (2026-04-19 18:40:26.761) OdometryF2M.cpp:626::computeTransform() Registration failed: "Not enough inliers 7/20 (matches=90) between -1 and 164" (guess=xyz=0.198765,-0.000288,-0.001281 rpy=-0.004931,0.070475,-0.051450)[0m
1776616829.3675227 [rgbd_odometry-7] [33m[ WARN] (2026-04-19 18:40:26.761) OdometryF2M.cpp:319::computeTransform() Failed to find a transformation with the provided guess (xyz=0.198765,-0.000288,-0.001281 rpy=-0.004931,0.070475,-0.051450), trying again without a guess.[0m
1776616829.3675740 [rgbd_odometry-7] [33m[ WARN] (2026-04-19 18:40:27.006) OdometryF2M.cpp:636::computeTransform() Trial with no guess succeeded![0m
1776616829.3676224 [rgbd_odometry-7] [33m[ WARN] (2026-04-19 18:40:27.129) OdometryF2M.cpp:626::computeTransform() Registration failed: "Not enough inliers 9/20 (matches=135) between -1 and 165" (guess=xyz=0.135514,-0.011828,-0.001216 rpy=0.000579,0.039641,-0.116709)[0m
1776616829.3676701 [rgbd_odometry-7] [33m[ WARN] (2026-04-19 18:40:27.130) OdometryF2M.cpp:319::computeTransform() Failed to find a transformation with the provided guess (xyz=0.135514,-0.011828,-0.001216 rpy=0.000579,0.039641,-0.116709), trying again without a guess.[0m
1776616829.3677168 [rgbd_odometry-7] [33m[ WARN] (2026-04-19 18:40:27.391) OdometryF2M.cpp:636::computeTransform() Trial with no guess succeeded![0m
1776616829.3677635 [rgbd_odometry-7] [33m[ WARN] (2026-04-19 18:40:27.629) OdometryF2M.cpp:626::computeTransform() Registration failed: "Not enough inliers 8/20 (matches=108) between -1 and 166" (guess=xyz=0.219379,-0.055503,0.000796 rpy=0.015819,0.027930,-0.373690)[0m
1776616829.3678088 [rgbd_odometry-7] [33m[ WARN] (2026-04-19 18:40:27.629) OdometryF2M.cpp:319::computeTransform() Failed to find a transformation with the provided guess (xyz=0.219379,-0.055503,0.000796 rpy=0.015819,0.027930,-0.373690), trying again without a guess.[0m
1776616829.3678558 [rgbd_odometry-7] [33m[ WARN] (2026-04-19 18:40:27.904) OdometryF2M.cpp:636::computeTransform() Trial with no guess succeeded![0m
1776616829.3679137 [rgbd_odometry-7] [33m[ WARN] (2026-04-19 18:40:28.242) OdometryF2M.cpp:626::computeTransform() Registration failed: "Not enough inliers 0/20 (matches=83) between -1 and 167" (guess=xyz=0.219223,-0.069454,0.007023 rpy=0.025819,-0.008000,-0.413644)[0m
1776616829.3679602 [rgbd_odometry-7] [33m[ WARN] (2026-04-19 18:40:28.243) OdometryF2M.cpp:319::computeTransform() Failed to find a transformation with the provided guess (xyz=0.219223,-0.069454,0.007023 rpy=0.025819,-0.008000,-0.413644), trying again without a guess.[0m
1776616829.3680046 [rgbd_odometry-7] [33m[ WARN] (2026-04-19 18:40:28.505) OdometryF2M.cpp:636::computeTransform() Trial with no guess succeeded![0m
1776616829.3680487 [rgbd_odometry-7] [33m[ WARN] (2026-04-19 18:40:28.635) OdometryF2M.cpp:626::computeTransform() Registration failed: "Not enough inliers 6/20 (matches=109) between -1 and 168" (guess=xyz=0.151794,-0.013785,0.003795 rpy=0.010487,-0.004879,-0.076974)[0m
1776616829.3680937 [rgbd_odometry-7] [33m[ WARN] (2026-04-19 18:40:28.636) OdometryF2M.cpp:319::computeTransform() Failed to find a transformation with the provided guess (xyz=0.151794,-0.013785,0.003795 rpy=0.010487,-0.004879,-0.076974), trying again without a guess.[0m
1776616829.3681388 [rgbd_odometry-7] [33m[ WARN] (2026-04-19 18:40:28.914) OdometryF2M.cpp:636::computeTransform() Trial with no guess succeeded![0m
1776616829.3681834 [rgbd_odometry-7] [33m[ WARN] (2026-04-19 18:40:29.072) OdometryF2M.cpp:626::computeTransform() Registration failed: "Not enough inliers 9/20 (matches=134) between -1 and 169" (guess=xyz=0.131980,0.047373,-0.001869 rpy=-0.006396,0.028618,0.199481)[0m
1776616829.3682270 [rgbd_odometry-7] [33m[ WARN] (2026-04-19 18:40:29.073) OdometryF2M.cpp:319::computeTransform() Failed to find a transformation with the provided guess (xyz=0.131980,0.047373,-0.001869 rpy=-0.006396,0.028618,0.199481), trying again without a guess.[0m
1776616829.7030039 [rgbd_odometry-7] [33m[ WARN] (2026-04-19 18:40:29.366) OdometryF2M.cpp:636::computeTransform() Trial with no guess succeeded![0m
1776616829.7043340 [rtabmap-8] [33m[ WARN] (2026-04-19 18:40:26.026) MsgConversion.cpp:2010::getTransform() (getting transform base_link -> rover/base_link/imu_sensor) "rover/base_link/imu_sensor" passed to lookupTransform argument source_frame does not exist.  (wait_for_transform=0.200000)[0m
1776616829.7044387 [rtabmap-8] [33m[ WARN] (2026-04-19 18:40:27.398) MsgConversion.cpp:2010::getTransform() (getting transform base_link -> rover/base_link/imu_sensor) "rover/base_link/imu_sensor" passed to lookupTransform argument source_frame does not exist.  (wait_for_transform=0.200000)[0m
1776616829.7044954 [rtabmap-8] [33m[ WARN] (2026-04-19 18:40:29.067) MsgConversion.cpp:2010::getTransform() (getting transform base_link -> rover/base_link/imu_sensor) "rover/base_link/imu_sensor" passed to lookupTransform argument source_frame does not exist.  (wait_for_transform=0.200000)[0m
1776616832.8004408 [rgbd_odometry-7] [33m[ WARN] (2026-04-19 18:40:29.780) OdometryF2M.cpp:626::computeTransform() Registration failed: "Not enough inliers 0/20 (matches=59) between -1 and 170" (guess=xyz=0.193803,0.179432,-0.012810 rpy=-0.032366,0.088508,0.740379)[0m
1776616832.8005376 [rgbd_odometry-7] [33m[ WARN] (2026-04-19 18:40:29.781) OdometryF2M.cpp:319::computeTransform() Failed to find a transformation with the provided guess (xyz=0.193803,0.179432,-0.012810 rpy=-0.032366,0.088508,0.740379), trying again without a guess.[0m
1776616832.8005681 [rgbd_odometry-7] [33m[ WARN] (2026-04-19 18:40:30.053) OdometryF2M.cpp:636::computeTransform() Trial with no guess succeeded![0m
1776616832.8005910 [rgbd_odometry-7] [33m[ WARN] (2026-04-19 18:40:30.153) OdometryF2M.cpp:626::computeTransform() Registration failed: "Not enough inliers 0/20 (matches=53) between -1 and 171" (guess=xyz=0.088900,0.065047,-0.005085 rpy=-0.005243,0.028585,0.258431)[0m
1776616832.8006110 [rgbd_odometry-7] [33m[ WARN] (2026-04-19 18:40:30.154) OdometryF2M.cpp:319::computeTransform() Failed to find a transformation with the provided guess (xyz=0.088900,0.065047,-0.005085 rpy=-0.005243,0.028585,0.258431), trying again without a guess.[0m
1776616832.8006289 [rgbd_odometry-7] [33m[ WARN] (2026-04-19 18:40:30.427) OdometryF2M.cpp:636::computeTransform() Trial with no guess succeeded![0m
1776616832.8006465 [rgbd_odometry-7] [33m[ WARN] (2026-04-19 18:40:30.537) OdometryF2M.cpp:626::computeTransform() Registration failed: "Not enough inliers 0/20 (matches=66) between -1 and 172" (guess=xyz=0.126242,0.011127,-0.001410 rpy=0.013968,0.008769,0.081338)[0m
1776616832.8006639 [rgbd_odometry-7] [33m[ WARN] (2026-04-19 18:40:30.538) OdometryF2M.cpp:319::computeTransform() Failed to find a transformation with the provided guess (xyz=0.126242,0.011127,-0.001410 rpy=0.013968,0.008769,0.081338), trying again without a guess.[0m
1776616832.8006811 [rgbd_odometry-7] [33m[ WARN] (2026-04-19 18:40:30.822) OdometryF2M.cpp:636::computeTransform() Trial with no guess succeeded![0m
1776616832.8006980 [rgbd_odometry-7] [33m[ WARN] (2026-04-19 18:40:31.062) OdometryF2M.cpp:626::computeTransform() Registration failed: "Not enough inliers 7/20 (matches=122) between -1 and 173" (guess=xyz=0.174558,-0.065503,0.005772 rpy=0.027682,-0.025453,-0.125142)[0m
1776616832.8007150 [rgbd_odometry-7] [33m[ WARN] (2026-04-19 18:40:31.062) OdometryF2M.cpp:319::computeTransform() Failed to find a transformation with the provided guess (xyz=0.174558,-0.065503,0.005772 rpy=0.027682,-0.025453,-0.125142), trying again without a guess.[0m
1776616832.8007319 [rgbd_odometry-7] [33m[ WARN] (2026-04-19 18:40:31.355) OdometryF2M.cpp:636::computeTransform() Trial with no guess succeeded![0m
1776616832.8007491 [rgbd_odometry-7] [33m[ WARN] (2026-04-19 18:40:31.799) OdometryF2M.cpp:626::computeTransform() Registration failed: "Not enough inliers 13/20 (matches=187) between -1 and 177" (guess=xyz=0.046812,-0.000263,-0.000042 rpy=-0.012334,0.000225,-0.071983)[0m
1776616832.8007793 [rgbd_odometry-7] [33m[ WARN] (2026-04-19 18:40:31.800) OdometryF2M.cpp:319::computeTransform() Failed to find a transformation with the provided guess (xyz=0.046812,-0.000263,-0.000042 rpy=-0.012334,0.000225,-0.071983), trying again without a guess.[0m
1776616832.8007965 [rgbd_odometry-7] [33m[ WARN] (2026-04-19 18:40:32.086) OdometryF2M.cpp:636::computeTransform() Trial with no guess succeeded![0m
1776616832.8008132 [rgbd_odometry-7] [33m[ WARN] (2026-04-19 18:40:32.184) OdometryF2M.cpp:626::computeTransform() Registration failed: "Not enough inliers 0/20 (matches=104) between -1 and 178" (guess=xyz=0.127546,0.017305,0.000273 rpy=-0.028573,0.004929,-0.155016)[0m
1776616832.8008301 [rgbd_odometry-7] [33m[ WARN] (2026-04-19 18:40:32.184) OdometryF2M.cpp:319::computeTransform() Failed to find a transformation with the provided guess (xyz=0.127546,0.017305,0.000273 rpy=-0.028573,0.004929,-0.155016), trying again without a guess.[0m
1776616832.8008463 [rgbd_odometry-7] [33m[ WARN] (2026-04-19 18:40:32.450) OdometryF2M.cpp:636::computeTransform() Trial with no guess succeeded![0m
1776616832.8008633 [rgbd_odometry-7] [33m[ WARN] (2026-04-19 18:40:32.542) OdometryF2M.cpp:626::computeTransform() Registration failed: "Not enough inliers 8/20 (matches=106) between -1 and 179" (guess=xyz=0.147891,0.020552,0.000868 rpy=-0.020608,-0.001733,-0.156180)[0m
1776616832.8008800 [rgbd_odometry-7] [33m[ WARN] (2026-04-19 18:40:32.543) OdometryF2M.cpp:319::computeTransform() Failed to find a transformation with the provided guess (xyz=0.147891,0.020552,0.000868 rpy=-0.020608,-0.001733,-0.156180), trying again without a guess.[0m
1776616833.5951591 [llava_node-1] [ERROR] [llava.cpp:clear_mtmds:116] Clearing mtmds...
1776616833.6566021 [llava_node-1] [WARN] [llama.cpp:run_loop:1395] Empty prompt on slot 0
1776616833.6568489 [llava_node-1] [WARN] [task_registry.cpp:fail_pending:64] Attempted to fail unknown goal_id: 18446744072984751451
1776616833.6570537 [llava_node-1] [ERROR] [llama.cpp:run_loop:1490] No tokens to decode in this iteration
1776616834.7029667 [rgbd_odometry-7] [33m[ WARN] (2026-04-19 18:40:32.800) OdometryF2M.cpp:636::computeTransform() Trial with no guess succeeded![0m
1776616834.7044153 [rtabmap-8] [33m[ WARN] (2026-04-19 18:40:30.495) MsgConversion.cpp:2010::getTransform() (getting transform base_link -> rover/base_link/imu_sensor) "rover/base_link/imu_sensor" passed to lookupTransform argument source_frame does not exist.  (wait_for_transform=0.200000)[0m
1776616834.7045105 [rtabmap-8] [33m[ WARN] (2026-04-19 18:40:31.904) MsgConversion.cpp:2010::getTransform() (getting transform base_link -> rover/base_link/imu_sensor) "rover/base_link/imu_sensor" passed to lookupTransform argument source_frame does not exist.  (wait_for_transform=0.200000)[0m
1776616834.7045457 [rtabmap-8] [33m[ WARN] (2026-04-19 18:40:33.448) MsgConversion.cpp:2010::getTransform() (getting transform base_link -> rover/base_link/imu_sensor) "rover/base_link/imu_sensor" passed to lookupTransform argument source_frame does not exist.  (wait_for_transform=0.200000)[0m
1776616839.7044997 [rtabmap-8] [33m[ WARN] (2026-04-19 18:40:34.976) MsgConversion.cpp:2010::getTransform() (getting transform base_link -> rover/base_link/imu_sensor) "rover/base_link/imu_sensor" passed to lookupTransform argument source_frame does not exist.  (wait_for_transform=0.200000)[0m
1776616839.7046070 [rtabmap-8] [33m[ WARN] (2026-04-19 18:40:36.392) MsgConversion.cpp:2010::getTransform() (getting transform base_link -> rover/base_link/imu_sensor) "rover/base_link/imu_sensor" passed to lookupTransform argument source_frame does not exist.  (wait_for_transform=0.200000)[0m
1776616839.7046418 [rtabmap-8] [33m[ WARN] (2026-04-19 18:40:37.785) MsgConversion.cpp:2010::getTransform() (getting transform base_link -> rover/base_link/imu_sensor) "rover/base_link/imu_sensor" passed to lookupTransform argument source_frame does not exist.  (wait_for_transform=0.200000)[0m
1776616839.7046669 [rtabmap-8] [33m[ WARN] (2026-04-19 18:40:39.403) MsgConversion.cpp:2010::getTransform() (getting transform base_link -> rover/base_link/imu_sensor) "rover/base_link/imu_sensor" passed to lookupTransform argument source_frame does not exist.  (wait_for_transform=0.200000)[0m
1776616844.7045717 [rtabmap-8] [33m[ WARN] (2026-04-19 18:40:40.701) MsgConversion.cpp:2010::getTransform() (getting transform base_link -> rover/base_link/imu_sensor) "rover/base_link/imu_sensor" passed to lookupTransform argument source_frame does not exist.  (wait_for_transform=0.200000)[0m
1776616844.7046726 [rtabmap-8] [33m[ WARN] (2026-04-19 18:40:42.242) MsgConversion.cpp:2010::getTransform() (getting transform base_link -> rover/base_link/imu_sensor) "rover/base_link/imu_sensor" passed to lookupTransform argument source_frame does not exist.  (wait_for_transform=0.200000)[0m
1776616844.7047048 [rtabmap-8] [33m[ WARN] (2026-04-19 18:40:43.514) MsgConversion.cpp:2010::getTransform() (getting transform base_link -> rover/base_link/imu_sensor) "rover/base_link/imu_sensor" passed to lookupTransform argument source_frame does not exist.  (wait_for_transform=0.200000)[0m
1776616849.7047033 [rtabmap-8] [33m[ WARN] (2026-04-19 18:40:44.956) MsgConversion.cpp:2010::getTransform() (getting transform base_link -> rover/base_link/imu_sensor) "rover/base_link/imu_sensor" passed to lookupTransform argument source_frame does not exist.  (wait_for_transform=0.200000)[0m
1776616849.7048178 [rtabmap-8] [33m[ WARN] (2026-04-19 18:40:45.060) Rtabmap.cpp:3069::process() Rejected loop closure 37 -> 107: Not enough inliers 0/20 (matches=32) between 37 and 107[0m
1776616849.7048633 [rtabmap-8] [33m[ WARN] (2026-04-19 18:40:46.621) MsgConversion.cpp:2010::getTransform() (getting transform base_link -> rover/base_link/imu_sensor) "rover/base_link/imu_sensor" passed to lookupTransform argument source_frame does not exist.  (wait_for_transform=0.200000)[0m
1776616849.7049131 [rtabmap-8] [33m[ WARN] (2026-04-19 18:40:48.157) MsgConversion.cpp:2010::getTransform() (getting transform base_link -> rover/base_link/imu_sensor) "rover/base_link/imu_sensor" passed to lookupTransform argument source_frame does not exist.  (wait_for_transform=0.200000)[0m
1776616849.7049387 [rtabmap-8] [33m[ WARN] (2026-04-19 18:40:49.369) MsgConversion.cpp:2010::getTransform() (getting transform base_link -> rover/base_link/imu_sensor) "rover/base_link/imu_sensor" passed to lookupTransform argument source_frame does not exist.  (wait_for_transform=0.200000)[0m
1776616854.7031856 [rgbd_odometry-7] [33m[ WARN] (2026-04-19 18:40:49.920) OdometryF2M.cpp:626::computeTransform() Registration failed: "Not enough inliers 6/20 (matches=77) between -1 and 256" (guess=xyz=0.135470,0.005327,0.000480 rpy=0.016378,-0.066943,0.055561)[0m
1776616854.7032924 [rgbd_odometry-7] [33m[ WARN] (2026-04-19 18:40:49.921) OdometryF2M.cpp:319::computeTransform() Failed to find a transformation with the provided guess (xyz=0.135470,0.005327,0.000480 rpy=0.016378,-0.066943,0.055561), trying again without a guess.[0m
1776616854.7033267 [rgbd_odometry-7] [33m[ WARN] (2026-04-19 18:40:50.233) OdometryF2M.cpp:636::computeTransform() Trial with no guess succeeded![0m
1776616854.7033522 [rgbd_odometry-7] [33m[ WARN] (2026-04-19 18:40:50.484) OdometryF2M.cpp:626::computeTransform() Registration failed: "Not enough inliers 6/20 (matches=73) between -1 and 257" (guess=xyz=0.240656,-0.005854,-0.000328 rpy=0.051282,-0.083767,-0.084751)[0m
1776616854.7033730 [rgbd_odometry-7] [33m[ WARN] (2026-04-19 18:40:50.485) OdometryF2M.cpp:319::computeTransform() Failed to find a transformation with the provided guess (xyz=0.240656,-0.005854,-0.000328 rpy=0.051282,-0.083767,-0.084751), trying again without a guess.[0m
1776616854.7033918 [rgbd_odometry-7] [33m[ WARN] (2026-04-19 18:40:50.788) OdometryF2M.cpp:636::computeTransform() Trial with no guess succeeded![0m
1776616854.7034099 [rgbd_odometry-7] [33m[ WARN] (2026-04-19 18:40:50.914) OdometryF2M.cpp:626::computeTransform() Registration failed: "Not enough inliers 12/20 (matches=107) between -1 and 258" (guess=xyz=0.139026,-0.017777,-0.006207 rpy=0.022426,-0.028041,-0.145489)[0m
1776616854.7034438 [rgbd_odometry-7] [33m[ WARN] (2026-04-19 18:40:50.915) OdometryF2M.cpp:319::computeTransform() Failed to find a transformation with the provided guess (xyz=0.139026,-0.017777,-0.006207 rpy=0.022426,-0.028041,-0.145489), trying again without a guess.[0m
1776616854.7034650 [rgbd_odometry-7] [33m[ WARN] (2026-04-19 18:40:51.257) OdometryF2M.cpp:636::computeTransform() Trial with no guess succeeded![0m
1776616854.7034841 [rgbd_odometry-7] [33m[ WARN] (2026-04-19 18:40:51.610) OdometryF2M.cpp:626::computeTransform() Registration failed: "Not enough inliers 0/20 (matches=64) between -1 and 259" (guess=xyz=0.163023,-0.063748,-0.022202 rpy=0.012707,0.048053,-0.404476)[0m
1776616854.7035100 [rgbd_odometry-7] [33m[ WARN] (2026-04-19 18:40:51.610) OdometryF2M.cpp:319::computeTransform() Failed to find a transformation with the provided guess (xyz=0.163023,-0.063748,-0.022202 rpy=0.012707,0.048053,-0.404476), trying again without a guess.[0m
1776616854.7035346 [rgbd_odometry-7] [33m[ WARN] (2026-04-19 18:40:51.870) OdometryF2M.cpp:616::computeTransform() Trial with no guess still fail.[0m
1776616854.7035582 [rgbd_odometry-7] [33m[ WARN] (2026-04-19 18:40:51.870) OdometryF2M.cpp:626::computeTransform() Registration failed: "Not enough inliers 10/20 (matches=210) between -1 and 259" (guess=xyz=0.163023,-0.063748,-0.022202 rpy=0.012707,0.048053,-0.404476)[0m
1776616854.7035823 [rgbd_odometry-7] [33m[ WARN] (2026-04-19 18:40:52.525) OdometryF2M.cpp:626::computeTransform() Registration failed: "Not enough inliers 9/20 (matches=96) between -1 and 3" (guess=xyz=0.145149,-0.004923,0.000679 rpy=-0.000793,-0.033755,-0.103640)[0m
1776616854.7036066 [rgbd_odometry-7] [33m[ WARN] (2026-04-19 18:40:52.526) OdometryF2M.cpp:319::computeTransform() Failed to find a transformation with the provided guess (xyz=0.145149,-0.004923,0.000679 rpy=-0.000793,-0.033755,-0.103640), trying again without a guess.[0m
1776616854.7036309 [rgbd_odometry-7] [33m[ WARN] (2026-04-19 18:40:52.714) OdometryF2M.cpp:636::computeTransform() Trial with no guess succeeded![0m
1776616854.7046878 [rtabmap-8] [33m[ WARN] (2026-04-19 18:40:50.890) MsgConversion.cpp:2010::getTransform() (getting transform base_link -> rover/base_link/imu_sensor) "rover/base_link/imu_sensor" passed to lookupTransform argument source_frame does not exist.  (wait_for_transform=0.200000)[0m
1776616854.7047384 [rtabmap-8] [33m[ WARN] (2026-04-19 18:40:52.069) MsgConversion.cpp:2010::getTransform() (getting transform base_link -> rover/base_link/imu_sensor) "rover/base_link/imu_sensor" passed to lookupTransform argument source_frame does not exist.  (wait_for_transform=0.200000)[0m
1776616854.7047651 [rtabmap-8] [33m[ WARN] (2026-04-19 18:40:53.427) MsgConversion.cpp:2010::getTransform() (getting transform base_link -> rover/base_link/imu_sensor) "rover/base_link/imu_sensor" passed to lookupTransform argument source_frame does not exist.  (wait_for_transform=0.200000)[0m
1776616859.7032714 [rgbd_odometry-7] [33m[ WARN] (2026-04-19 18:40:56.403) OdometryF2M.cpp:626::computeTransform() Registration failed: "Not enough inliers 6/20 (matches=83) between -1 and 18" (guess=xyz=0.035324,-0.002564,0.002646 rpy=-0.002732,-0.017096,-0.048357)[0m
1776616859.7033789 [rgbd_odometry-7] [33m[ WARN] (2026-04-19 18:40:56.403) OdometryF2M.cpp:319::computeTransform() Failed to find a transformation with the provided guess (xyz=0.035324,-0.002564,0.002646 rpy=-0.002732,-0.017096,-0.048357), trying again without a guess.[0m
1776616859.7034192 [rgbd_odometry-7] [33m[ WARN] (2026-04-19 18:40:56.607) OdometryF2M.cpp:616::computeTransform() Trial with no guess still fail.[0m
1776616859.7034492 [rgbd_odometry-7] [33m[ WARN] (2026-04-19 18:40:56.607) OdometryF2M.cpp:626::computeTransform() Registration failed: "Not enough inliers 0/20 (matches=71) between -1 and 18" (guess=xyz=0.035324,-0.002564,0.002646 rpy=-0.002732,-0.017096,-0.048357)[0m
1776616859.7034729 [rgbd_odometry-7] [33m[ WARN] (2026-04-19 18:40:57.193) OdometryF2M.cpp:626::computeTransform() Registration failed: "Not enough inliers 8/20 (matches=130) between -1 and 3" (guess=xyz=0.014579,-0.001732,0.001141 rpy=0.006980,-0.008634,0.033159)[0m
1776616859.7035091 [rgbd_odometry-7] [33m[ WARN] (2026-04-19 18:40:57.193) OdometryF2M.cpp:319::computeTransform() Failed to find a transformation with the provided guess (xyz=0.014579,-0.001732,0.001141 rpy=0.006980,-0.008634,0.033159), trying again without a guess.[0m
1776616859.7035351 [rgbd_odometry-7] [33m[ WARN] (2026-04-19 18:40:57.281) OdometryF2M.cpp:636::computeTransform() Trial with no guess succeeded![0m
1776616859.7035651 [rgbd_odometry-7] [33m[ WARN] (2026-04-19 18:40:57.428) OdometryF2M.cpp:626::computeTransform() Registration failed: "Not enough inliers 9/20 (matches=121) between -1 and 4" (guess=xyz=0.042307,0.007862,-0.001965 rpy=0.000104,-0.005585,0.092080)[0m
1776616859.7035906 [rgbd_odometry-7] [33m[ WARN] (2026-04-19 18:40:57.428) OdometryF2M.cpp:319::computeTransform() Failed to find a transformation with the provided guess (xyz=0.042307,0.007862,-0.001965 rpy=0.000104,-0.005585,0.092080), trying again without a guess.[0m
1776616859.7036116 [rgbd_odometry-7] [33m[ WARN] (2026-04-19 18:40:57.546) OdometryF2M.cpp:636::computeTransform() Trial with no guess succeeded![0m
1776616859.7036309 [rgbd_odometry-7] [33m[ WARN] (2026-04-19 18:40:58.036) OdometryF2M.cpp:626::computeTransform() Registration failed: "Not enough inliers 12/20 (matches=182) between -1 and 6" (guess=xyz=0.085790,-0.007125,-0.003985 rpy=-0.017893,-0.009358,-0.144651)[0m
1776616859.7036507 [rgbd_odometry-7] [33m[ WARN] (2026-04-19 18:40:58.037) OdometryF2M.cpp:319::computeTransform() Failed to find a transformation with the provided guess (xyz=0.085790,-0.007125,-0.003985 rpy=-0.017893,-0.009358,-0.144651), trying again without a guess.[0m
1776616859.7036703 [rgbd_odometry-7] [33m[ WARN] (2026-04-19 18:40:58.210) OdometryF2M.cpp:636::computeTransform() Trial with no guess succeeded![0m
1776616859.7036901 [rgbd_odometry-7] [33m[ WARN] (2026-04-19 18:40:58.351) OdometryF2M.cpp:626::computeTransform() Registration failed: "Not enough inliers 7/20 (matches=125) between -1 and 7" (guess=xyz=0.029677,-0.008830,-0.002200 rpy=-0.008993,-0.007688,-0.151220)[0m
1776616859.7037091 [rgbd_odometry-7] [33m[ WARN] (2026-04-19 18:40:58.352) OdometryF2M.cpp:319::computeTransform() Failed to find a transformation with the provided guess (xyz=0.029677,-0.008830,-0.002200 rpy=-0.008993,-0.007688,-0.151220), trying again without a guess.[0m
1776616859.7037287 [rgbd_odometry-7] [33m[ WARN] (2026-04-19 18:40:58.475) OdometryF2M.cpp:616::computeTransform() Trial with no guess still fail.[0m
1776616859.7037487 [rgbd_odometry-7] [33m[ WARN] (2026-04-19 18:40:58.475) OdometryF2M.cpp:626::computeTransform() Registration failed: "Not enough inliers 6/20 (matches=110) between -1 and 7" (guess=xyz=0.029677,-0.008830,-0.002200 rpy=-0.008993,-0.007688,-0.151220)[0m
1776616859.7037687 [rgbd_odometry-7] [33m[ WARN] (2026-04-19 18:40:59.326) OdometryF2M.cpp:626::computeTransform() Registration failed: "Not enough inliers 8/20 (matches=101) between -1 and 3" (guess=xyz=0.045872,0.000233,-0.000555 rpy=-0.009739,0.000429,-0.065060)[0m
1776616859.7037885 [rgbd_odometry-7] [33m[ WARN] (2026-04-19 18:40:59.326) OdometryF2M.cpp:319::computeTransform() Failed to find a transformation with the provided guess (xyz=0.045872,0.000233,-0.000555 rpy=-0.009739,0.000429,-0.065060), trying again without a guess.[0m
1776616859.7038085 [rgbd_odometry-7] [33m[ WARN] (2026-04-19 18:40:59.418) OdometryF2M.cpp:636::computeTransform() Trial with no guess succeeded![0m
1776616859.7047267 [rtabmap-8] [33m[ WARN] (2026-04-19 18:40:54.811) MsgConversion.cpp:2010::getTransform() (getting transform base_link -> rover/base_link/imu_sensor) "rover/base_link/imu_sensor" passed to lookupTransform argument source_frame does not exist.  (wait_for_transform=0.200000)[0m
1776616859.7047772 [rtabmap-8] [33m[ WARN] (2026-04-19 18:40:56.223) MsgConversion.cpp:2010::getTransform() (getting transform base_link -> rover/base_link/imu_sensor) "rover/base_link/imu_sensor" passed to lookupTransform argument source_frame does not exist.  (wait_for_transform=0.200000)[0m
1776616859.7048132 [rtabmap-8] [33m[ WARN] (2026-04-19 18:40:57.540) MsgConversion.cpp:2010::getTransform() (getting transform base_link -> rover/base_link/imu_sensor) "rover/base_link/imu_sensor" passed to lookupTransform argument source_frame does not exist.  (wait_for_transform=0.200000)[0m
1776616859.7048399 [rtabmap-8] [33m[ WARN] (2026-04-19 18:40:59.224) MsgConversion.cpp:2010::getTransform() (getting transform base_link -> rover/base_link/imu_sensor) "rover/base_link/imu_sensor" passed to lookupTransform argument source_frame does not exist.  (wait_for_transform=0.200000)[0m
1776616864.7034192 [rgbd_odometry-7] [33m[ WARN] (2026-04-19 18:41:03.663) OdometryF2M.cpp:626::computeTransform() Registration failed: "Not enough inliers 12/20 (matches=177) between -1 and 27" (guess=xyz=0.047777,0.003804,-0.003578 rpy=0.012770,0.017698,0.112737)[0m
1776616864.7035666 [rgbd_odometry-7] [33m[ WARN] (2026-04-19 18:41:03.664) OdometryF2M.cpp:319::computeTransform() Failed to find a transformation with the provided guess (xyz=0.047777,0.003804,-0.003578 rpy=0.012770,0.017698,0.112737), trying again without a guess.[0m
1776616864.7036319 [rgbd_odometry-7] [33m[ WARN] (2026-04-19 18:41:03.978) OdometryF2M.cpp:636::computeTransform() Trial with no guess succeeded![0m
1776616864.7036884 [rgbd_odometry-7] [33m[ WARN] (2026-04-19 18:41:04.113) OdometryF2M.cpp:626::computeTransform() Registration failed: "Not enough inliers 6/20 (matches=125) between -1 and 28" (guess=xyz=0.199855,-0.000528,-0.007987 rpy=0.035565,0.049702,0.040211)[0m
1776616864.7037408 [rgbd_odometry-7] [33m[ WARN] (2026-04-19 18:41:04.113) OdometryF2M.cpp:319::computeTransform() Failed to find a transformation with the provided guess (xyz=0.199855,-0.000528,-0.007987 rpy=0.035565,0.049702,0.040211), trying again without a guess.[0m
1776616864.7037911 [rgbd_odometry-7] [33m[ WARN] (2026-04-19 18:41:04.415) OdometryF2M.cpp:636::computeTransform() Trial with no guess succeeded![0m
1776616864.7038398 [rgbd_odometry-7] [33m[ WARN] (2026-04-19 18:41:04.574) OdometryF2M.cpp:626::computeTransform() Registration failed: "Not enough inliers 9/20 (matches=134) between -1 and 29" (guess=xyz=0.250790,-0.008364,-0.000748 rpy=0.036153,0.005491,0.018743)[0m
1776616864.7039053 [rgbd_odometry-7] [33m[ WARN] (2026-04-19 18:41:04.575) OdometryF2M.cpp:319::computeTransform() Failed to find a transformation with the provided guess (xyz=0.250790,-0.008364,-0.000748 rpy=0.036153,0.005491,0.018743), trying again without a guess.[0m
1776616864.7049165 [rtabmap-8] [33m[ WARN] (2026-04-19 18:41:00.409) MsgConversion.cpp:2010::getTransform() (getting transform base_link -> rover/base_link/imu_sensor) "rover/base_link/imu_sensor" passed to lookupTransform argument source_frame does not exist.  (wait_for_transform=0.200000)[0m
1776616864.7050092 [rtabmap-8] [33m[ WARN] (2026-04-19 18:41:01.888) MsgConversion.cpp:2010::getTransform() (getting transform base_link -> rover/base_link/imu_sensor) "rover/base_link/imu_sensor" passed to lookupTransform argument source_frame does not exist.  (wait_for_transform=0.200000)[0m
1776616864.7050426 [rtabmap-8] [33m[ WARN] (2026-04-19 18:41:03.241) MsgConversion.cpp:2010::getTransform() (getting transform base_link -> rover/base_link/imu_sensor) "rover/base_link/imu_sensor" passed to lookupTransform argument source_frame does not exist.  (wait_for_transform=0.200000)[0m
1776616864.7050672 [rtabmap-8] [33m[ WARN] (2026-04-19 18:41:04.466) MsgConversion.cpp:2010::getTransform() (getting transform base_link -> rover/base_link/imu_sensor) "rover/base_link/imu_sensor" passed to lookupTransform argument source_frame does not exist.  (wait_for_transform=0.200000)[0m
1776616867.5201032 [rgbd_odometry-7] [33m[ WARN] (2026-04-19 18:41:04.891) OdometryF2M.cpp:636::computeTransform() Trial with no guess succeeded![0m
1776616867.5202048 [rgbd_odometry-7] [33m[ WARN] (2026-04-19 18:41:04.979) OdometryF2M.cpp:626::computeTransform() Registration failed: "Not enough inliers 10/20 (matches=80) between -1 and 30" (guess=xyz=0.197233,-0.006527,0.009289 rpy=0.031102,-0.051819,-0.023540)[0m
1776616867.5202487 [rgbd_odometry-7] [33m[ WARN] (2026-04-19 18:41:04.980) OdometryF2M.cpp:319::computeTransform() Failed to find a transformation with the provided guess (xyz=0.197233,-0.006527,0.009289 rpy=0.031102,-0.051819,-0.023540), trying again without a guess.[0m
1776616867.5202720 [rgbd_odometry-7] [33m[ WARN] (2026-04-19 18:41:05.266) OdometryF2M.cpp:636::computeTransform() Trial with no guess succeeded![0m
1776616867.5202920 [rgbd_odometry-7] [33m[ WARN] (2026-04-19 18:41:05.383) OdometryF2M.cpp:626::computeTransform() Registration failed: "Not enough inliers 6/20 (matches=81) between -1 and 31" (guess=xyz=0.158072,-0.006375,0.011403 rpy=0.024996,-0.085745,-0.096265)[0m
1776616867.5203099 [rgbd_odometry-7] [33m[ WARN] (2026-04-19 18:41:05.383) OdometryF2M.cpp:319::computeTransform() Failed to find a transformation with the provided guess (xyz=0.158072,-0.006375,0.011403 rpy=0.024996,-0.085745,-0.096265), trying again without a guess.[0m
1776616867.5203269 [rgbd_odometry-7] [33m[ WARN] (2026-04-19 18:41:05.665) OdometryF2M.cpp:636::computeTransform() Trial with no guess succeeded![0m
1776616867.5203431 [rgbd_odometry-7] [33m[ WARN] (2026-04-19 18:41:05.778) OdometryF2M.cpp:626::computeTransform() Registration failed: "Not enough inliers 7/20 (matches=81) between -1 and 32" (guess=xyz=0.170549,-0.020454,0.005171 rpy=0.035652,-0.070544,-0.184818)[0m
1776616867.5203586 [rgbd_odometry-7] [33m[ WARN] (2026-04-19 18:41:05.779) OdometryF2M.cpp:319::computeTransform() Failed to find a transformation with the provided guess (xyz=0.170549,-0.020454,0.005171 rpy=0.035652,-0.070544,-0.184818), trying again without a guess.[0m
1776616867.5203750 [rgbd_odometry-7] [33m[ WARN] (2026-04-19 18:41:06.071) OdometryF2M.cpp:636::computeTransform() Trial with no guess succeeded![0m
1776616867.5203917 [rgbd_odometry-7] [33m[ WARN] (2026-04-19 18:41:06.160) OdometryF2M.cpp:626::computeTransform() Registration failed: "Not enough inliers 13/20 (matches=102) between -1 and 33" (guess=xyz=0.156134,-0.028632,-0.008893 rpy=0.038713,-0.018050,-0.203961)[0m
1776616867.5204072 [rgbd_odometry-7] [33m[ WARN] (2026-04-19 18:41:06.161) OdometryF2M.cpp:319::computeTransform() Failed to find a transformation with the provided guess (xyz=0.156134,-0.028632,-0.008893 rpy=0.038713,-0.018050,-0.203961), trying again without a guess.[0m
1776616867.5204237 [rgbd_odometry-7] [33m[ WARN] (2026-04-19 18:41:06.422) OdometryF2M.cpp:636::computeTransform() Trial with no guess succeeded![0m
1776616867.5204396 [rgbd_odometry-7] [33m[ WARN] (2026-04-19 18:41:06.575) OdometryF2M.cpp:626::computeTransform() Registration failed: "Not enough inliers 8/20 (matches=105) between -1 and 34" (guess=xyz=0.140870,-0.027908,-0.020036 rpy=0.028215,0.008003,-0.191965)[0m
1776616867.5204566 [rgbd_odometry-7] [33m[ WARN] (2026-04-19 18:41:06.576) OdometryF2M.cpp:319::computeTransform() Failed to find a transformation with the provided guess (xyz=0.140870,-0.027908,-0.020036 rpy=0.028215,0.008003,-0.191965), trying again without a guess.[0m
1776616867.5204725 [rgbd_odometry-7] [33m[ WARN] (2026-04-19 18:41:06.845) OdometryF2M.cpp:636::computeTransform() Trial with no guess succeeded![0m
1776616867.5204940 [rgbd_odometry-7] [33m[ WARN] (2026-04-19 18:41:07.016) OdometryF2M.cpp:626::computeTransform() Registration failed: "Not enough inliers 10/20 (matches=91) between -1 and 35" (guess=xyz=0.161658,-0.027451,-0.031723 rpy=0.024447,0.036211,-0.222342)[0m
1776616867.5205116 [rgbd_odometry-7] [33m[ WARN] (2026-04-19 18:41:07.017) OdometryF2M.cpp:319::computeTransform() Failed to find a transformation with the provided guess (xyz=0.161658,-0.027451,-0.031723 rpy=0.024447,0.036211,-0.222342), trying again without a guess.[0m
1776616867.5205286 [rgbd_odometry-7] [33m[ WARN] (2026-04-19 18:41:07.285) OdometryF2M.cpp:636::computeTransform() Trial with no guess succeeded![0m
1776616867.5205474 [rgbd_odometry-7] [33m[ WARN] (2026-04-19 18:41:07.519) OdometryF2M.cpp:626::computeTransform() Registration failed: "Not enough inliers 10/20 (matches=98) between -1 and 36" (guess=xyz=0.130702,-0.015306,-0.024074 rpy=0.009564,0.043664,-0.172514)[0m
1776616869.7034070 [rgbd_odometry-7] [33m[ WARN] (2026-04-19 18:41:07.519) OdometryF2M.cpp:319::computeTransform() Failed to find a transformation with the provided guess (xyz=0.130702,-0.015306,-0.024074 rpy=0.009564,0.043664,-0.172514), trying again without a guess.[0m
1776616869.7035100 [rgbd_odometry-7] [33m[ WARN] (2026-04-19 18:41:07.785) OdometryF2M.cpp:636::computeTransform() Trial with no guess succeeded![0m
1776616869.7035451 [rgbd_odometry-7] [33m[ WARN] (2026-04-19 18:41:07.962) OdometryF2M.cpp:626::computeTransform() Registration failed: "Not enough inliers 7/20 (matches=95) between -1 and 37" (guess=xyz=0.117548,-0.004830,-0.009033 rpy=-0.004563,0.027120,-0.137789)[0m
1776616869.7035711 [rgbd_odometry-7] [33m[ WARN] (2026-04-19 18:41:07.962) OdometryF2M.cpp:319::computeTransform() Failed to find a transformation with the provided guess (xyz=0.117548,-0.004830,-0.009033 rpy=-0.004563,0.027120,-0.137789), trying again without a guess.[0m
1776616869.7035916 [rgbd_odometry-7] [33m[ WARN] (2026-04-19 18:41:08.215) OdometryF2M.cpp:636::computeTransform() Trial with no guess succeeded![0m
1776616869.7036107 [rgbd_odometry-7] [33m[ WARN] (2026-04-19 18:41:08.408) OdometryF2M.cpp:626::computeTransform() Registration failed: "Not enough inliers 8/20 (matches=98) between -1 and 38" (guess=xyz=0.123753,0.002529,0.005537 rpy=-0.021662,-0.005566,-0.136213)[0m
1776616869.7036288 [rgbd_odometry-7] [33m[ WARN] (2026-04-19 18:41:08.408) OdometryF2M.cpp:319::computeTransform() Failed to find a transformation with the provided guess (xyz=0.123753,0.002529,0.005537 rpy=-0.021662,-0.005566,-0.136213), trying again without a guess.[0m
1776616869.7036452 [rgbd_odometry-7] [33m[ WARN] (2026-04-19 18:41:08.661) OdometryF2M.cpp:636::computeTransform() Trial with no guess succeeded![0m
1776616869.7049322 [rtabmap-8] [33m[ WARN] (2026-04-19 18:41:05.759) MsgConversion.cpp:2010::getTransform() (getting transform base_link -> rover/base_link/imu_sensor) "rover/base_link/imu_sensor" passed to lookupTransform argument source_frame does not exist.  (wait_for_transform=0.200000)[0m
1776616869.7049730 [rtabmap-8] [33m[ WARN] (2026-04-19 18:41:07.006) MsgConversion.cpp:2010::getTransform() (getting transform base_link -> rover/base_link/imu_sensor) "rover/base_link/imu_sensor" passed to lookupTransform argument source_frame does not exist.  (wait_for_transform=0.200000)[0m
1776616869.7049975 [rtabmap-8] [33m[ WARN] (2026-04-19 18:41:08.533) MsgConversion.cpp:2010::getTransform() (getting transform base_link -> rover/base_link/imu_sensor) "rover/base_link/imu_sensor" passed to lookupTransform argument source_frame does not exist.  (wait_for_transform=0.200000)[0m
1776616874.7037141 [rgbd_odometry-7] [33m[ WARN] (2026-04-19 18:41:09.865) OdometryF2M.cpp:626::computeTransform() Registration failed: "Not enough inliers 6/20 (matches=99) between -1 and 45" (guess=xyz=0.140941,0.001261,-0.018638 rpy=-0.044877,-0.029885,-0.162963)[0m
1776616874.7039514 [rgbd_odometry-7] [33m[ WARN] (2026-04-19 18:41:09.865) OdometryF2M.cpp:319::computeTransform() Failed to find a transformation with the provided guess (xyz=0.140941,0.001261,-0.018638 rpy=-0.044877,-0.029885,-0.162963), trying again without a guess.[0m
1776616874.7040639 [rgbd_odometry-7] [33m[ WARN] (2026-04-19 18:41:10.078) OdometryF2M.cpp:616::computeTransform() Trial with no guess still fail.[0m
1776616874.7041597 [rgbd_odometry-7] [33m[ WARN] (2026-04-19 18:41:10.078) OdometryF2M.cpp:626::computeTransform() Registration failed: "Not enough inliers 9/20 (matches=136) between -1 and 45" (guess=xyz=0.140941,0.001261,-0.018638 rpy=-0.044877,-0.029885,-0.162963)[0m
1776616874.7051926 [rtabmap-8] [33m[ WARN] (2026-04-19 18:41:09.914) MsgConversion.cpp:2010::getTransform() (getting transform base_link -> rover/base_link/imu_sensor) "rover/base_link/imu_sensor" passed to lookupTransform argument source_frame does not exist.  (wait_for_transform=0.200000)[0m
1776616874.7053568 [rtabmap-8] [33m[ WARN] (2026-04-19 18:41:11.419) MsgConversion.cpp:2010::getTransform() (getting transform base_link -> rover/base_link/imu_sensor) "rover/base_link/imu_sensor" passed to lookupTransform argument source_frame does not exist.  (wait_for_transform=0.200000)[0m
1776616874.7054257 [rtabmap-8] [33m[ WARN] (2026-04-19 18:41:11.544) Rtabmap.cpp:3885::process() Rejecting all added loop closures (1, first is 126 <-> 106) in this iteration because a wrong loop closure has been detected after graph optimization, resulting in a maximum graph error ratio of 0.600107 (edge 116->117, type=0, abs error=38.504233 deg, stddev=0.086262). The maximum error ratio parameter "RGBD/OptimizeMaxError" is 0.500000 of std deviation.[0m
1776616874.7054782 [rtabmap-8] [33m[ WARN] (2026-04-19 18:41:11.544) Rtabmap.cpp:3923::process() Loop closure 126->106 rejected![0m
1776616874.7055249 [rtabmap-8] [33m[ WARN] (2026-04-19 18:41:13.104) MsgConversion.cpp:2010::getTransform() (getting transform base_link -> rover/base_link/imu_sensor) "rover/base_link/imu_sensor" passed to lookupTransform argument source_frame does not exist.  (wait_for_transform=0.200000)[0m
1776616874.7055678 [rtabmap-8] [33m[ WARN] (2026-04-19 18:41:13.229) Rtabmap.cpp:3848::process() Rejecting all added loop closures (1, first is 127 <-> 92) in this iteration because a wrong loop closure has been detected after graph optimization, resulting in a maximum graph error ratio of 0.887098 (edge 113->114, type=0, abs error=0.084949 m, stddev=0.075854). The maximum error ratio parameter "RGBD/OptimizeMaxError" is 0.500000 of std deviation.[0m
1776616874.7056081 [rtabmap-8] [33m[ WARN] (2026-04-19 18:41:13.229) Rtabmap.cpp:3923::process() Loop closure 127->92 rejected![0m
1776616874.7056465 [rtabmap-8] [33m[ WARN] (2026-04-19 18:41:14.350) MsgConversion.cpp:2010::getTransform() (getting transform base_link -> rover/base_link/imu_sensor) "rover/base_link/imu_sensor" passed to lookupTransform argument source_frame does not exist.  (wait_for_transform=0.200000)[0m
1776616874.7056849 [rtabmap-8] [33m[ WARN] (2026-04-19 18:41:14.480) Rtabmap.cpp:3848::process() Rejecting all added loop closures (1, first is 128 <-> 62) in this iteration because a wrong loop closure has been detected after graph optimization, resulting in a maximum graph error ratio of 1.035755 (edge 106->107, type=0, abs error=0.116152 m, stddev=0.088883). The maximum error ratio parameter "RGBD/OptimizeMaxError" is 0.500000 of std deviation.[0m
1776616874.7057207 [rtabmap-8] [33m[ WARN] (2026-04-19 18:41:14.480) Rtabmap.cpp:3923::process() Loop closure 128->62 rejected![0m
1776616879.7036259 [rgbd_odometry-7] [33m[ WARN] (2026-04-19 18:41:15.842) OdometryF2M.cpp:626::computeTransform() Registration failed: "Not enough inliers 9/20 (matches=169) between -1 and 34" (guess=xyz=0.022404,-0.002909,-0.000636 rpy=0.001714,-0.011104,-0.097096)[0m
1776616879.7037590 [rgbd_odometry-7] [33m[ WARN] (2026-04-19 18:41:15.843) OdometryF2M.cpp:319::computeTransform() Failed to find a transformation with the provided guess (xyz=0.022404,-0.002909,-0.000636 rpy=0.001714,-0.011104,-0.097096), trying again without a guess.[0m
1776616879.7038181 [rgbd_odometry-7] [33m[ WARN] (2026-04-19 18:41:16.117) OdometryF2M.cpp:636::computeTransform() Trial with no guess succeeded![0m
1776616879.7038691 [rgbd_odometry-7] [33m[ WARN] (2026-04-19 18:41:16.333) OdometryF2M.cpp:626::computeTransform() Registration failed: "Not enough inliers 9/20 (matches=149) between -1 and 35" (guess=xyz=0.070003,-0.005471,-0.000169 rpy=-0.001511,-0.029069,-0.149912)[0m
1776616879.7039344 [rgbd_odometry-7] [33m[ WARN] (2026-04-19 18:41:16.333) OdometryF2M.cpp:319::computeTransform() Failed to find a transformation with the provided guess (xyz=0.070003,-0.005471,-0.000169 rpy=-0.001511,-0.029069,-0.149912), trying again without a guess.[0m
1776616879.7039974 [rgbd_odometry-7] [33m[ WARN] (2026-04-19 18:41:16.545) OdometryF2M.cpp:616::computeTransform() Trial with no guess still fail.[0m
1776616879.7040441 [rgbd_odometry-7] [33m[ WARN] (2026-04-19 18:41:16.545) OdometryF2M.cpp:626::computeTransform() Registration failed: "Not enough inliers 0/20 (matches=180) between -1 and 35" (guess=xyz=0.070003,-0.005471,-0.000169 rpy=-0.001511,-0.029069,-0.149912)[0m
1776616879.7051277 [rtabmap-8] [33m[ WARN] (2026-04-19 18:41:15.483) MsgConversion.cpp:2010::getTransform() (getting transform base_link -> rover/base_link/imu_sensor) "rover/base_link/imu_sensor" passed to lookupTransform argument source_frame does not exist.  (wait_for_transform=0.200000)[0m
1776616879.7052076 [rtabmap-8] [33m[ WARN] (2026-04-19 18:41:15.614) Rtabmap.cpp:3848::process() Rejecting all added loop closures (1, first is 129 <-> 63) in this iteration because a wrong loop closure has been detected after graph optimization, resulting in a maximum graph error ratio of 1.168743 (edge 99->100, type=0, abs error=0.138644 m, stddev=0.094048). The maximum error ratio parameter "RGBD/OptimizeMaxError" is 0.500000 of std deviation.[0m
1776616879.7052398 [rtabmap-8] [33m[ WARN] (2026-04-19 18:41:15.614) Rtabmap.cpp:3923::process() Loop closure 129->63 rejected![0m
1776616879.7052631 [rtabmap-8] [33m[ WARN] (2026-04-19 18:41:16.753) MsgConversion.cpp:2010::getTransform() (getting transform base_link -> rover/base_link/imu_sensor) "rover/base_link/imu_sensor" passed to lookupTransform argument source_frame does not exist.  (wait_for_transform=0.200000)[0m
1776616879.7052841 [rtabmap-8] [33m[ WARN] (2026-04-19 18:41:16.893) Rtabmap.cpp:3848::process() Rejecting all added loop closures (1, first is 130 <-> 64) in this iteration because a wrong loop closure has been detected after graph optimization, resulting in a maximum graph error ratio of 1.053982 (edge 99->100, type=0, abs error=0.125030 m, stddev=0.094048). The maximum error ratio parameter "RGBD/OptimizeMaxError" is 0.500000 of std deviation.[0m
1776616879.7053020 [rtabmap-8] [33m[ WARN] (2026-04-19 18:41:16.893) Rtabmap.cpp:3923::process() Loop closure 130->64 rejected![0m
1776616879.7053192 [rtabmap-8] [33m[ WARN] (2026-04-19 18:41:18.238) MsgConversion.cpp:2010::getTransform() (getting transform base_link -> rover/base_link/imu_sensor) "rover/base_link/imu_sensor" passed to lookupTransform argument source_frame does not exist.  (wait_for_transform=0.200000)[0m
1776616879.7053359 [rtabmap-8] [33m[ WARN] (2026-04-19 18:41:18.349) Rtabmap.cpp:3069::process() Rejected loop closure 64 -> 131: Not enough inliers 0/20 (matches=23) between 64 and 131[0m
1776616880.4750819 [llava_node-1] [ERROR] [llava.cpp:clear_mtmds:116] Clearing mtmds...
1776616880.4760821 [llava_node-1] [WARN] [llama.cpp:run_loop:1395] Empty prompt on slot 0
1776616880.4762506 [llava_node-1] [WARN] [task_registry.cpp:fail_pending:64] Attempted to fail unknown goal_id: 18446744071647754204
1776616880.4765053 [llava_node-1] [ERROR] [llama.cpp:run_loop:1490] No tokens to decode in this iteration
1776616884.7036471 [rgbd_odometry-7] [33m[ WARN] (2026-04-19 18:41:20.068) OdometryF2M.cpp:626::computeTransform() Registration failed: "Not enough inliers 9/20 (matches=143) between -1 and 22" (guess=xyz=0.111062,-0.006393,-0.003572 rpy=-0.004901,0.028032,-0.338962)[0m
1776616884.7037504 [rgbd_odometry-7] [33m[ WARN] (2026-04-19 18:41:20.068) OdometryF2M.cpp:319::computeTransform() Failed to find a transformation with the provided guess (xyz=0.111062,-0.006393,-0.003572 rpy=-0.004901,0.028032,-0.338962), trying again without a guess.[0m
1776616884.7037866 [rgbd_odometry-7] [33m[ WARN] (2026-04-19 18:41:20.282) OdometryF2M.cpp:616::computeTransform() Trial with no guess still fail.[0m
1776616884.7038136 [rgbd_odometry-7] [33m[ WARN] (2026-04-19 18:41:20.282) OdometryF2M.cpp:626::computeTransform() Registration failed: "Not enough inliers 11/20 (matches=160) between -1 and 22" (guess=xyz=0.111062,-0.006393,-0.003572 rpy=-0.004901,0.028032,-0.338962)[0m
1776616884.7051277 [rtabmap-8] [33m[ WARN] (2026-04-19 18:41:19.855) MsgConversion.cpp:2010::getTransform() (getting transform base_link -> rover/base_link/imu_sensor) "rover/base_link/imu_sensor" passed to lookupTransform argument source_frame does not exist.  (wait_for_transform=0.200000)[0m
1776616884.7051697 [rtabmap-8] [33m[ WARN] (2026-04-19 18:41:21.794) MsgConversion.cpp:2010::getTransform() (getting transform base_link -> rover/base_link/imu_sensor) "rover/base_link/imu_sensor" passed to lookupTransform argument source_frame does not exist.  (wait_for_transform=0.200000)[0m
1776616884.7051973 [rtabmap-8] [33m[ WARN] (2026-04-19 18:41:21.953) Rtabmap.cpp:3069::process() Rejected loop closure 55 -> 133: Not enough inliers 0/20 (matches=45) between 55 and 133[0m
1776616884.7052343 [rtabmap-8] [33m[ WARN] (2026-04-19 18:41:23.116) MsgConversion.cpp:2010::getTransform() (getting transform base_link -> rover/base_link/imu_sensor) "rover/base_link/imu_sensor" passed to lookupTransform argument source_frame does not exist.  (wait_for_transform=0.200000)[0m
1776616884.7052548 [rtabmap-8] [33m[ WARN] (2026-04-19 18:41:24.607) MsgConversion.cpp:2010::getTransform() (getting transform base_link -> rover/base_link/imu_sensor) "rover/base_link/imu_sensor" passed to lookupTransform argument source_frame does not exist.  (wait_for_transform=0.200000)[0m
1776616889.7037687 [rgbd_odometry-7] [33m[ WARN] (2026-04-19 18:41:28.820) OdometryF2M.cpp:626::computeTransform() Registration failed: "Too low inliers after bundle adjustment: 16<20" (guess=xyz=0.164553,0.005329,0.005819 rpy=-0.005644,0.012119,0.197301)[0m
1776616889.7039249 [rgbd_odometry-7] [33m[ WARN] (2026-04-19 18:41:28.820) OdometryF2M.cpp:319::computeTransform() Failed to find a transformation with the provided guess (xyz=0.164553,0.005329,0.005819 rpy=-0.005644,0.012119,0.197301), trying again without a guess.[0m
1776616889.7039888 [rgbd_odometry-7] [33m[ WARN] (2026-04-19 18:41:29.025) OdometryF2M.cpp:616::computeTransform() Trial with no guess still fail.[0m
1776616889.7040427 [rgbd_odometry-7] [33m[ WARN] (2026-04-19 18:41:29.025) OdometryF2M.cpp:626::computeTransform() Registration failed: "Not enough inliers 12/20 (matches=116) between -1 and 48" (guess=xyz=0.164553,0.005329,0.005819 rpy=-0.005644,0.012119,0.197301)[0m
1776616889.7053630 [rtabmap-8] [33m[ WARN] (2026-04-19 18:41:26.017) MsgConversion.cpp:2010::getTransform() (getting transform base_link -> rover/base_link/imu_sensor) "rover/base_link/imu_sensor" passed to lookupTransform argument source_frame does not exist.  (wait_for_transform=0.200000)[0m
1776616889.7054853 [rtabmap-8] [33m[ WARN] (2026-04-19 18:41:27.296) MsgConversion.cpp:2010::getTransform() (getting transform base_link -> rover/base_link/imu_sensor) "rover/base_link/imu_sensor" passed to lookupTransform argument source_frame does not exist.  (wait_for_transform=0.200000)[0m
1776616889.7055497 [rtabmap-8] [33m[ WARN] (2026-04-19 18:41:29.062) MsgConversion.cpp:2010::getTransform() (getting transform base_link -> rover/base_link/imu_sensor) "rover/base_link/imu_sensor" passed to lookupTransform argument source_frame does not exist.  (wait_for_transform=0.200000)[0m
1776616894.7037745 [rgbd_odometry-7] [33m[ WARN] (2026-04-19 18:41:31.772) OdometryF2M.cpp:626::computeTransform() Registration failed: "Not enough inliers 0/20 (matches=81) between -1 and 24" (guess=xyz=0.098315,0.012475,-0.001377 rpy=-0.012212,0.011428,-0.166755)[0m
1776616894.7038946 [rgbd_odometry-7] [33m[ WARN] (2026-04-19 18:41:31.773) OdometryF2M.cpp:319::computeTransform() Failed to find a transformation with the provided guess (xyz=0.098315,0.012475,-0.001377 rpy=-0.012212,0.011428,-0.166755), trying again without a guess.[0m
1776616894.7039335 [rgbd_odometry-7] [33m[ WARN] (2026-04-19 18:41:31.970) OdometryF2M.cpp:616::computeTransform() Trial with no guess still fail.[0m
1776616894.7039621 [rgbd_odometry-7] [33m[ WARN] (2026-04-19 18:41:31.970) OdometryF2M.cpp:626::computeTransform() Registration failed: "Not enough inliers 6/20 (matches=124) between -1 and 24" (guess=xyz=0.098315,0.012475,-0.001377 rpy=-0.012212,0.011428,-0.166755)[0m
1776616894.7039971 [rgbd_odometry-7] [33m[ WARN] (2026-04-19 18:41:33.984) OdometryF2M.cpp:626::computeTransform() Registration failed: "Not enough inliers 6/20 (matches=109) between -1 and 9" (guess=xyz=0.218671,0.002981,-0.000453 rpy=-0.010114,0.002669,-0.034669)[0m
1776616894.7040169 [rgbd_odometry-7] [33m[ WARN] (2026-04-19 18:41:33.985) OdometryF2M.cpp:319::computeTransform() Failed to find a transformation with the provided guess (xyz=0.218671,0.002981,-0.000453 rpy=-0.010114,0.002669,-0.034669), trying again without a guess.[0m
1776616894.7040417 [rgbd_odometry-7] [33m[ WARN] (2026-04-19 18:41:34.190) OdometryF2M.cpp:616::computeTransform() Trial with no guess still fail.[0m
1776616894.7040694 [rgbd_odometry-7] [33m[ WARN] (2026-04-19 18:41:34.190) OdometryF2M.cpp:626::computeTransform() Registration failed: "Not enough inliers 19/20 (matches=119) between -1 and 9" (guess=xyz=0.218671,0.002981,-0.000453 rpy=-0.010114,0.002669,-0.034669)[0m
1776616894.7053127 [rtabmap-8] [33m[ WARN] (2026-04-19 18:41:30.199) MsgConversion.cpp:2010::getTransform() (getting transform base_link -> rover/base_link/imu_sensor) "rover/base_link/imu_sensor" passed to lookupTransform argument source_frame does not exist.  (wait_for_transform=0.200000)[0m
1776616894.7053592 [rtabmap-8] [33m[ WARN] (2026-04-19 18:41:31.554) MsgConversion.cpp:2010::getTransform() (getting transform base_link -> rover/base_link/imu_sensor) "rover/base_link/imu_sensor" passed to lookupTransform argument source_frame does not exist.  (wait_for_transform=0.200000)[0m
1776616894.7053871 [rtabmap-8] [33m[ WARN] (2026-04-19 18:41:31.688) Rtabmap.cpp:3069::process() Rejected loop closure 37 -> 140: Not enough inliers 0/20 (matches=28) between 37 and 140[0m
1776616894.7054098 [rtabmap-8] [33m[ WARN] (2026-04-19 18:41:33.049) MsgConversion.cpp:2010::getTransform() (getting transform base_link -> rover/base_link/imu_sensor) "rover/base_link/imu_sensor" passed to lookupTransform argument source_frame does not exist.  (wait_for_transform=0.200000)[0m
1776616894.7054296 [rtabmap-8] [33m[ WARN] (2026-04-19 18:41:34.273) MsgConversion.cpp:2010::getTransform() (getting transform base_link -> rover/base_link/imu_sensor) "rover/base_link/imu_sensor" passed to lookupTransform argument source_frame does not exist.  (wait_for_transform=0.200000)[0m
1776616897.7381783 [llava_node-1] [ERROR] [llava.cpp:clear_mtmds:116] Clearing mtmds...
1776616897.8116786 [llava_node-1] [WARN] [llama.cpp:run_loop:1395] Empty prompt on slot 0
1776616897.8118746 [llava_node-1] [WARN] [task_registry.cpp:fail_pending:64] Attempted to fail unknown goal_id: 18446744073380572307
1776616897.8121386 [llava_node-1] [ERROR] [llama.cpp:run_loop:1490] No tokens to decode in this iteration
1776616899.7039421 [rgbd_odometry-7] [33m[ WARN] (2026-04-19 18:41:35.192) OdometryF2M.cpp:626::computeTransform() Registration failed: "Not enough inliers 12/20 (matches=162) between -1 and 9" (guess=xyz=0.089892,-0.004807,-0.004709 rpy=0.027677,0.040299,-0.063695)[0m
1776616899.7040539 [rgbd_odometry-7] [33m[ WARN] (2026-04-19 18:41:35.193) OdometryF2M.cpp:319::computeTransform() Failed to find a transformation with the provided guess (xyz=0.089892,-0.004807,-0.004709 rpy=0.027677,0.040299,-0.063695), trying again without a guess.[0m
1776616899.7040896 [rgbd_odometry-7] [33m[ WARN] (2026-04-19 18:41:35.331) OdometryF2M.cpp:616::computeTransform() Trial with no guess still fail.[0m
1776616899.7041166 [rgbd_odometry-7] [33m[ WARN] (2026-04-19 18:41:35.331) OdometryF2M.cpp:626::computeTransform() Registration failed: "Not enough inliers 11/20 (matches=153) between -1 and 9" (guess=xyz=0.089892,-0.004807,-0.004709 rpy=0.027677,0.040299,-0.063695)[0m
1776616899.7041380 [rgbd_odometry-7] [33m[ WARN] (2026-04-19 18:41:37.123) OdometryF2M.cpp:626::computeTransform() Registration failed: "Not enough inliers 11/20 (matches=178) between -1 and 10" (guess=xyz=0.058637,0.000976,-0.000641 rpy=-0.000136,-0.000909,-0.002764)[0m
1776616899.7041585 [rgbd_odometry-7] [33m[ WARN] (2026-04-19 18:41:37.123) OdometryF2M.cpp:319::computeTransform() Failed to find a transformation with the provided guess (xyz=0.058637,0.000976,-0.000641 rpy=-0.000136,-0.000909,-0.002764), trying again without a guess.[0m
1776616899.7041767 [rgbd_odometry-7] [33m[ WARN] (2026-04-19 18:41:37.385) OdometryF2M.cpp:636::computeTransform() Trial with no guess succeeded![0m
1776616899.7041948 [rgbd_odometry-7] [33m[ WARN] (2026-04-19 18:41:37.806) OdometryF2M.cpp:626::computeTransform() Registration failed: "Not enough inliers 7/20 (matches=106) between -1 and 13" (guess=xyz=-0.000540,-0.040885,0.000505 rpy=0.004424,0.005699,-0.144565)[0m
1776616899.7042382 [rgbd_odometry-7] [33m[ WARN] (2026-04-19 18:41:37.806) OdometryF2M.cpp:319::computeTransform() Failed to find a transformation with the provided guess (xyz=-0.000540,-0.040885,0.000505 rpy=0.004424,0.005699,-0.144565), trying again without a guess.[0m
1776616899.7042632 [rgbd_odometry-7] [33m[ WARN] (2026-04-19 18:41:38.038) OdometryF2M.cpp:636::computeTransform() Trial with no guess succeeded![0m
1776616899.7042882 [rgbd_odometry-7] [33m[ WARN] (2026-04-19 18:41:38.158) OdometryF2M.cpp:626::computeTransform() Registration failed: "Not enough inliers 7/20 (matches=99) between -1 and 14" (guess=xyz=-0.006925,-0.031000,0.000094 rpy=0.002381,0.003020,-0.123067)[0m
1776616899.7043161 [rgbd_odometry-7] [33m[ WARN] (2026-04-19 18:41:38.159) OdometryF2M.cpp:319::computeTransform() Failed to find a transformation with the provided guess (xyz=-0.006925,-0.031000,0.000094 rpy=0.002381,0.003020,-0.123067), trying again without a guess.[0m
1776616899.7043428 [rgbd_odometry-7] [33m[ WARN] (2026-04-19 18:41:38.399) OdometryF2M.cpp:636::computeTransform() Trial with no guess succeeded![0m
1776616899.7043710 [rgbd_odometry-7] [33m[ WARN] (2026-04-19 18:41:38.592) OdometryF2M.cpp:626::computeTransform() Registration failed: "Not enough inliers 0/20 (matches=93) between -1 and 15" (guess=xyz=-0.028412,-0.013136,-0.000066 rpy=-0.002051,-0.001250,-0.087148)[0m
1776616899.7043967 [rgbd_odometry-7] [33m[ WARN] (2026-04-19 18:41:38.592) OdometryF2M.cpp:319::computeTransform() Failed to find a transformation with the provided guess (xyz=-0.028412,-0.013136,-0.000066 rpy=-0.002051,-0.001250,-0.087148), trying again without a guess.[0m
1776616899.7044246 [rgbd_odometry-7] [33m[ WARN] (2026-04-19 18:41:38.838) OdometryF2M.cpp:636::computeTransform() Trial with no guess succeeded![0m
1776616899.7044539 [rgbd_odometry-7] [33m[ WARN] (2026-04-19 18:41:38.958) OdometryF2M.cpp:626::computeTransform() Registration failed: "Not enough inliers 7/20 (matches=120) between -1 and 16" (guess=xyz=-0.030454,0.010010,0.000323 rpy=-0.004642,-0.003692,0.005426)[0m
1776616899.7044833 [rgbd_odometry-7] [33m[ WARN] (2026-04-19 18:41:38.958) OdometryF2M.cpp:319::computeTransform() Failed to find a transformation with the provided guess (xyz=-0.030454,0.010010,0.000323 rpy=-0.004642,-0.003692,0.005426), trying again without a guess.[0m
1776616899.7045100 [rgbd_odometry-7] [33m[ WARN] (2026-04-19 18:41:39.205) OdometryF2M.cpp:636::computeTransform() Trial with no guess succeeded![0m
1776616899.7053921 [rtabmap-8] [33m[ WARN] (2026-04-19 18:41:35.637) MsgConversion.cpp:2010::getTransform() (getting transform base_link -> rover/base_link/imu_sensor) "rover/base_link/imu_sensor" passed to lookupTransform argument source_frame does not exist.  (wait_for_transform=0.200000)[0m
1776616899.7054374 [rtabmap-8] [33m[ WARN] (2026-04-19 18:41:36.954) MsgConversion.cpp:2010::getTransform() (getting transform base_link -> rover/base_link/imu_sensor) "rover/base_link/imu_sensor" passed to lookupTransform argument source_frame does not exist.  (wait_for_transform=0.200000)[0m
1776616899.7054622 [rtabmap-8] [33m[ WARN] (2026-04-19 18:41:38.409) MsgConversion.cpp:2010::getTransform() (getting transform base_link -> rover/base_link/imu_sensor) "rover/base_link/imu_sensor" passed to lookupTransform argument source_frame does not exist.  (wait_for_transform=0.200000)[0m
1776616899.7054827 [rtabmap-8] [33m[ WARN] (2026-04-19 18:41:38.556) Rtabmap.cpp:3069::process() Rejected loop closure 37 -> 145: Not enough inliers 0/20 (matches=24) between 37 and 145[0m
1776616904.7056136 [rtabmap-8] [33m[ WARN] (2026-04-19 18:41:39.797) MsgConversion.cpp:2010::getTransform() (getting transform base_link -> rover/base_link/imu_sensor) "rover/base_link/imu_sensor" passed to lookupTransform argument source_frame does not exist.  (wait_for_transform=0.200000)[0m
1776616904.7057152 [rtabmap-8] [33m[ WARN] (2026-04-19 18:41:39.936) Rtabmap.cpp:3069::process() Rejected loop closure 37 -> 145: Not enough inliers 0/20 (matches=26) between 37 and 145[0m
1776616904.7057519 [rtabmap-8] [33m[ WARN] (2026-04-19 18:41:41.219) MsgConversion.cpp:2010::getTransform() (getting transform base_link -> rover/base_link/imu_sensor) "rover/base_link/imu_sensor" passed to lookupTransform argument source_frame does not exist.  (wait_for_transform=0.200000)[0m
1776616904.7057781 [rtabmap-8] [33m[ WARN] (2026-04-19 18:41:41.362) Rtabmap.cpp:3069::process() Rejected loop closure 37 -> 145: Not enough inliers 0/20 (matches=29) between 37 and 145[0m
1776616904.7057996 [rtabmap-8] [33m[ WARN] (2026-04-19 18:41:43.008) MsgConversion.cpp:2010::getTransform() (getting transform base_link -> rover/base_link/imu_sensor) "rover/base_link/imu_sensor" passed to lookupTransform argument source_frame does not exist.  (wait_for_transform=0.200000)[0m
1776616904.7058182 [rtabmap-8] [33m[ WARN] (2026-04-19 18:41:43.152) Rtabmap.cpp:3069::process() Rejected loop closure 37 -> 145: Not enough inliers 0/20 (matches=23) between 37 and 145[0m
1776616904.7058368 [rtabmap-8] [33m[ WARN] (2026-04-19 18:41:44.317) MsgConversion.cpp:2010::getTransform() (getting transform base_link -> rover/base_link/imu_sensor) "rover/base_link/imu_sensor" passed to lookupTransform argument source_frame does not exist.  (wait_for_transform=0.200000)[0m
1776616904.7058544 [rtabmap-8] [33m[ WARN] (2026-04-19 18:41:44.457) Rtabmap.cpp:3069::process() Rejected loop closure 37 -> 145: Not enough inliers 0/20 (matches=20) between 37 and 145[0m
1776616909.7040896 [rgbd_odometry-7] [33m[ WARN] (2026-04-19 18:41:47.503) OdometryF2M.cpp:626::computeTransform() Registration failed: "Not enough inliers 7/20 (matches=105) between -1 and 66" (guess=xyz=0.194530,-0.013003,-0.012742 rpy=0.016393,0.014160,-0.209333)[0m
1776616909.7042089 [rgbd_odometry-7] [33m[ WARN] (2026-04-19 18:41:47.503) OdometryF2M.cpp:319::computeTransform() Failed to find a transformation with the provided guess (xyz=0.194530,-0.013003,-0.012742 rpy=0.016393,0.014160,-0.209333), trying again without a guess.[0m
1776616909.7042472 [rgbd_odometry-7] [33m[ WARN] (2026-04-19 18:41:47.728) OdometryF2M.cpp:616::computeTransform() Trial with no guess still fail.[0m
1776616909.7042737 [rgbd_odometry-7] [33m[ WARN] (2026-04-19 18:41:47.728) OdometryF2M.cpp:626::computeTransform() Registration failed: "Not enough inliers 7/20 (matches=148) between -1 and 66" (guess=xyz=0.194530,-0.013003,-0.012742 rpy=0.016393,0.014160,-0.209333)[0m
1776616909.7056918 [rtabmap-8] [33m[ WARN] (2026-04-19 18:41:45.741) MsgConversion.cpp:2010::getTransform() (getting transform base_link -> rover/base_link/imu_sensor) "rover/base_link/imu_sensor" passed to lookupTransform argument source_frame does not exist.  (wait_for_transform=0.200000)[0m
1776616909.7057831 [rtabmap-8] [33m[ WARN] (2026-04-19 18:41:45.896) Rtabmap.cpp:3069::process() Rejected loop closure 37 -> 150: Not enough inliers 0/20 (matches=33) between 37 and 150[0m
1776616909.7058189 [rtabmap-8] [33m[ WARN] (2026-04-19 18:41:47.221) MsgConversion.cpp:2010::getTransform() (getting transform base_link -> rover/base_link/imu_sensor) "rover/base_link/imu_sensor" passed to lookupTransform argument source_frame does not exist.  (wait_for_transform=0.200000)[0m
1776616909.7058458 [rtabmap-8] [33m[ WARN] (2026-04-19 18:41:48.578) MsgConversion.cpp:2010::getTransform() (getting transform base_link -> rover/base_link/imu_sensor) "rover/base_link/imu_sensor" passed to lookupTransform argument source_frame does not exist.  (wait_for_transform=0.200000)[0m
1776616909.7058899 [rtabmap-8] [33m[ WARN] (2026-04-19 18:41:48.739) Rtabmap.cpp:3848::process() Rejecting all added loop closures (1, first is 152 <-> 63) in this iteration because a wrong loop closure has been detected after graph optimization, resulting in a maximum graph error ratio of 9.415083 (edge 141->142, type=0, abs error=1.323396 m, stddev=0.111530). The maximum error ratio parameter "RGBD/OptimizeMaxError" is 0.500000 of std deviation.[0m
1776616909.7059162 [rtabmap-8] [33m[ WARN] (2026-04-19 18:41:48.739) Rtabmap.cpp:3885::process() Rejecting all added loop closures (1, first is 152 <-> 63) in this iteration because a wrong loop closure has been detected after graph optimization, resulting in a maximum graph error ratio of 0.659568 (edge 141->142, type=0, abs error=46.653216 deg, stddev=0.088628). The maximum error ratio parameter "RGBD/OptimizeMaxError" is 0.500000 of std deviation.[0m
1776616909.7059417 [rtabmap-8] [33m[ WARN] (2026-04-19 18:41:48.739) Rtabmap.cpp:3923::process() Loop closure 152->63 rejected![0m
1776616914.1145718 [llava_node-1] [ERROR] [llava.cpp:clear_mtmds:116] Clearing mtmds...
1776616914.1514404 [llava_node-1] [WARN] [llama.cpp:run_loop:1395] Empty prompt on slot 0
1776616914.1516502 [llava_node-1] [WARN] [task_registry.cpp:fail_pending:64] Attempted to fail unknown goal_id: 382722285
1776616914.1519418 [llava_node-1] [ERROR] [llama.cpp:run_loop:1490] No tokens to decode in this iteration
1776616914.5596194 [rgbd_odometry-7] [33m[ WARN] (2026-04-19 18:41:49.732) OdometryF2M.cpp:626::computeTransform() Registration failed: "Not enough inliers 11/20 (matches=179) between -1 and 12" (guess=xyz=0.090326,0.003168,-0.002740 rpy=-0.017530,0.002134,-0.019429)[0m
1776616914.5597308 [rgbd_odometry-7] [33m[ WARN] (2026-04-19 18:41:49.732) OdometryF2M.cpp:319::computeTransform() Failed to find a transformation with the provided guess (xyz=0.090326,0.003168,-0.002740 rpy=-0.017530,0.002134,-0.019429), trying again without a guess.[0m
1776616914.5597694 [rgbd_odometry-7] [33m[ WARN] (2026-04-19 18:41:50.079) OdometryF2M.cpp:636::computeTransform() Trial with no guess succeeded![0m
1776616914.5597987 [rgbd_odometry-7] [33m[ WARN] (2026-04-19 18:41:50.184) OdometryF2M.cpp:626::computeTransform() Registration failed: "Not enough inliers 10/20 (matches=125) between -1 and 13" (guess=xyz=0.190007,0.019875,-0.010796 rpy=-0.050511,0.022370,0.104241)[0m
1776616914.5598223 [rgbd_odometry-7] [33m[ WARN] (2026-04-19 18:41:50.185) OdometryF2M.cpp:319::computeTransform() Failed to find a transformation with the provided guess (xyz=0.190007,0.019875,-0.010796 rpy=-0.050511,0.022370,0.104241), trying again without a guess.[0m
1776616914.5598438 [rgbd_odometry-7] [33m[ WARN] (2026-04-19 18:41:50.445) OdometryF2M.cpp:616::computeTransform() Trial with no guess still fail.[0m
1776616914.5598643 [rgbd_odometry-7] [33m[ WARN] (2026-04-19 18:41:50.445) OdometryF2M.cpp:626::computeTransform() Registration failed: "Not enough inliers 0/20 (matches=194) between -1 and 13" (guess=xyz=0.190007,0.019875,-0.010796 rpy=-0.050511,0.022370,0.104241)[0m
1776616914.5598965 [rgbd_odometry-7] [33m[ WARN] (2026-04-19 18:41:52.284) OdometryF2M.cpp:626::computeTransform() Registration failed: "Too low inliers after bundle adjustment: 19<20" (guess=xyz=0.050244,-0.000936,-0.007718 rpy=0.014349,-0.023483,0.029133)[0m
1776616914.5599172 [rgbd_odometry-7] [33m[ WARN] (2026-04-19 18:41:52.284) OdometryF2M.cpp:319::computeTransform() Failed to find a transformation with the provided guess (xyz=0.050244,-0.000936,-0.007718 rpy=0.014349,-0.023483,0.029133), trying again without a guess.[0m
1776616914.5599370 [rgbd_odometry-7] [33m[ WARN] (2026-04-19 18:41:52.540) OdometryF2M.cpp:636::computeTransform() Trial with no guess succeeded![0m
1776616914.5599570 [rgbd_odometry-7] [33m[ WARN] (2026-04-19 18:41:52.725) OdometryF2M.cpp:626::computeTransform() Registration failed: "Not enough inliers 8/20 (matches=96) between -1 and 14" (guess=xyz=0.171307,-0.010440,-0.023029 rpy=0.040540,-0.043483,-0.063595)[0m
1776616914.5599771 [rgbd_odometry-7] [33m[ WARN] (2026-04-19 18:41:52.725) OdometryF2M.cpp:319::computeTransform() Failed to find a transformation with the provided guess (xyz=0.171307,-0.010440,-0.023029 rpy=0.040540,-0.043483,-0.063595), trying again without a guess.[0m
1776616914.5599966 [rgbd_odometry-7] [33m[ WARN] (2026-04-19 18:41:52.987) OdometryF2M.cpp:636::computeTransform() Trial with no guess succeeded![0m
1776616914.5600169 [rgbd_odometry-7] [33m[ WARN] (2026-04-19 18:41:53.659) OdometryF2M.cpp:626::computeTransform() Registration failed: "Not enough inliers 9/20 (matches=138) between -1 and 17" (guess=xyz=0.124167,-0.016496,0.005811 rpy=-0.022809,0.028834,-0.165518)[0m
1776616914.5600476 [rgbd_odometry-7] [33m[ WARN] (2026-04-19 18:41:53.660) OdometryF2M.cpp:319::computeTransform() Failed to find a transformation with the provided guess (xyz=0.124167,-0.016496,0.005811 rpy=-0.022809,0.028834,-0.165518), trying again without a guess.[0m
1776616914.5600696 [rgbd_odometry-7] [33m[ WARN] (2026-04-19 18:41:53.933) OdometryF2M.cpp:636::computeTransform() Trial with no guess succeeded![0m
1776616914.5601087 [rgbd_odometry-7] [33m[ WARN] (2026-04-19 18:41:54.023) OdometryF2M.cpp:626::computeTransform() Registration failed: "Not enough inliers 9/20 (matches=121) between -1 and 18" (guess=xyz=0.165686,-0.008216,0.010825 rpy=-0.038869,0.037728,-0.114294)[0m
1776616914.5601292 [rgbd_odometry-7] [33m[ WARN] (2026-04-19 18:41:54.023) OdometryF2M.cpp:319::computeTransform() Failed to find a transformation with the provided guess (xyz=0.165686,-0.008216,0.010825 rpy=-0.038869,0.037728,-0.114294), trying again without a guess.[0m
1776616914.5601487 [rgbd_odometry-7] [33m[ WARN] (2026-04-19 18:41:54.318) OdometryF2M.cpp:636::computeTransform() Trial with no guess succeeded![0m
1776616914.5601687 [rgbd_odometry-7] [33m[ WARN] (2026-04-19 18:41:54.558) OdometryF2M.cpp:626::computeTransform() Registration failed: "Not enough inliers 12/20 (matches=117) between -1 and 19" (guess=xyz=0.175049,0.008117,0.011325 rpy=-0.039001,0.022752,0.022682)[0m
1776616914.7042379 [rgbd_odometry-7] [33m[ WARN] (2026-04-19 18:41:54.559) OdometryF2M.cpp:319::computeTransform() Failed to find a transformation with the provided guess (xyz=0.175049,0.008117,0.011325 rpy=-0.039001,0.022752,0.022682), trying again without a guess.[0m
1776616914.7057717 [rtabmap-8] [33m[ WARN] (2026-04-19 18:41:50.019) MsgConversion.cpp:2010::getTransform() (getting transform base_link -> rover/base_link/imu_sensor) "rover/base_link/imu_sensor" passed to lookupTransform argument source_frame does not exist.  (wait_for_transform=0.200000)[0m
1776616914.7058935 [rtabmap-8] [33m[ WARN] (2026-04-19 18:41:50.186) Rtabmap.cpp:3848::process() Rejecting all added loop closures (1, first is 153 <-> 65) in this iteration because a wrong loop closure has been detected after graph optimization, resulting in a maximum graph error ratio of 3.160634 (edge 141->142, type=0, abs error=0.444263 m, stddev=0.111530). The maximum error ratio parameter "RGBD/OptimizeMaxError" is 0.500000 of std deviation.[0m
1776616914.7059481 [rtabmap-8] [33m[ WARN] (2026-04-19 18:41:50.186) Rtabmap.cpp:3885::process() Rejecting all added loop closures (1, first is 153 <-> 65) in this iteration because a wrong loop closure has been detected after graph optimization, resulting in a maximum graph error ratio of 0.573704 (edge 151->152, type=0, abs error=41.933155 deg, stddev=0.115586). The maximum error ratio parameter "RGBD/OptimizeMaxError" is 0.500000 of std deviation.[0m
1776616914.7059877 [rtabmap-8] [33m[ WARN] (2026-04-19 18:41:50.186) Rtabmap.cpp:3923::process() Loop closure 153->65 rejected![0m
1776616914.7060196 [rtabmap-8] [33m[ WARN] (2026-04-19 18:41:51.459) MsgConversion.cpp:2010::getTransform() (getting transform base_link -> rover/base_link/imu_sensor) "rover/base_link/imu_sensor" passed to lookupTransform argument source_frame does not exist.  (wait_for_transform=0.200000)[0m
1776616914.7060449 [rtabmap-8] [33m[ WARN] (2026-04-19 18:41:53.028) MsgConversion.cpp:2010::getTransform() (getting transform base_link -> rover/base_link/imu_sensor) "rover/base_link/imu_sensor" passed to lookupTransform argument source_frame does not exist.  (wait_for_transform=0.200000)[0m
1776616914.7060680 [rtabmap-8] [33m[ WARN] (2026-04-19 18:41:53.202) Rtabmap.cpp:3848::process() Rejecting all added loop closures (1, first is 155 <-> 57) in this iteration because a wrong loop closure has been detected after graph optimization, resulting in a maximum graph error ratio of 2.116866 (edge 143->144, type=0, abs error=0.390418 m, stddev=0.146591). The maximum error ratio parameter "RGBD/OptimizeMaxError" is 0.500000 of std deviation.[0m
1776616914.7060902 [rtabmap-8] [33m[ WARN] (2026-04-19 18:41:53.202) Rtabmap.cpp:3923::process() Loop closure 155->57 rejected![0m
1776616914.7061112 [rtabmap-8] [33m[ WARN] (2026-04-19 18:41:54.390) MsgConversion.cpp:2010::getTransform() (getting transform base_link -> rover/base_link/imu_sensor) "rover/base_link/imu_sensor" passed to lookupTransform argument source_frame does not exist.  (wait_for_transform=0.200000)[0m
1776616919.7043273 [rgbd_odometry-7] [33m[ WARN] (2026-04-19 18:41:54.868) OdometryF2M.cpp:636::computeTransform() Trial with no guess succeeded![0m
1776616919.7059338 [rtabmap-8] [33m[ WARN] (2026-04-19 18:41:55.961) MsgConversion.cpp:2010::getTransform() (getting transform base_link -> rover/base_link/imu_sensor) "rover/base_link/imu_sensor" passed to lookupTransform argument source_frame does not exist.  (wait_for_transform=0.200000)[0m
1776616919.7060566 [rtabmap-8] [33m[ WARN] (2026-04-19 18:41:57.354) MsgConversion.cpp:2010::getTransform() (getting transform base_link -> rover/base_link/imu_sensor) "rover/base_link/imu_sensor" passed to lookupTransform argument source_frame does not exist.  (wait_for_transform=0.200000)[0m
1776616919.7061157 [rtabmap-8] [33m[ WARN] (2026-04-19 18:41:57.506) Rtabmap.cpp:3848::process() Rejecting all added loop closures (1, first is 158 <-> 93) in this iteration because a wrong loop closure has been detected after graph optimization, resulting in a maximum graph error ratio of 1.699712 (edge 156->158, type=0, abs error=0.146588 m, stddev=0.068299). The maximum error ratio parameter "RGBD/OptimizeMaxError" is 0.500000 of std deviation.[0m
1776616919.7061629 [rtabmap-8] [33m[ WARN] (2026-04-19 18:41:57.506) Rtabmap.cpp:3923::process() Loop closure 158->93 rejected![0m
1776616919.7062063 [rtabmap-8] [33m[ WARN] (2026-04-19 18:41:58.882) MsgConversion.cpp:2010::getTransform() (getting transform base_link -> rover/base_link/imu_sensor) "rover/base_link/imu_sensor" passed to lookupTransform argument source_frame does not exist.  (wait_for_transform=0.200000)[0m
1776616919.7062457 [rtabmap-8] [33m[ WARN] (2026-04-19 18:41:59.048) Rtabmap.cpp:3848::process() Rejecting all added loop closures (1, first is 158 <-> 93) in this iteration because a wrong loop closure has been detected after graph optimization, resulting in a maximum graph error ratio of 1.704113 (edge 156->158, type=0, abs error=0.146968 m, stddev=0.068299). The maximum error ratio parameter "RGBD/OptimizeMaxError" is 0.500000 of std deviation.[0m
1776616919.7062821 [rtabmap-8] [33m[ WARN] (2026-04-19 18:41:59.048) Rtabmap.cpp:3923::process() Loop closure 158->93 rejected![0m
1776616924.7060671 [rtabmap-8] [33m[ WARN] (2026-04-19 18:42:00.461) MsgConversion.cpp:2010::getTransform() (getting transform base_link -> rover/base_link/imu_sensor) "rover/base_link/imu_sensor" passed to lookupTransform argument source_frame does not exist.  (wait_for_transform=0.200000)[0m
1776616924.7062206 [rtabmap-8] [33m[ WARN] (2026-04-19 18:42:00.622) Rtabmap.cpp:3848::process() Rejecting all added loop closures (1, first is 158 <-> 93) in this iteration because a wrong loop closure has been detected after graph optimization, resulting in a maximum graph error ratio of 1.705678 (edge 156->158, type=0, abs error=0.147103 m, stddev=0.068299). The maximum error ratio parameter "RGBD/OptimizeMaxError" is 0.500000 of std deviation.[0m
1776616924.7062936 [rtabmap-8] [33m[ WARN] (2026-04-19 18:42:00.622) Rtabmap.cpp:3923::process() Loop closure 158->93 rejected![0m
1776616924.7063749 [rtabmap-8] [33m[ WARN] (2026-04-19 18:42:02.209) MsgConversion.cpp:2010::getTransform() (getting transform base_link -> rover/base_link/imu_sensor) "rover/base_link/imu_sensor" passed to lookupTransform argument source_frame does not exist.  (wait_for_transform=0.200000)[0m
1776616924.7064354 [rtabmap-8] [33m[ WARN] (2026-04-19 18:42:03.439) MsgConversion.cpp:2010::getTransform() (getting transform base_link -> rover/base_link/imu_sensor) "rover/base_link/imu_sensor" passed to lookupTransform argument source_frame does not exist.  (wait_for_transform=0.200000)[0m
1776616924.7064915 [rtabmap-8] [33m[ WARN] (2026-04-19 18:42:03.609) Rtabmap.cpp:3069::process() Rejected loop closure 93 -> 162: Not enough inliers 0/20 (matches=23) between 93 and 162[0m
1776616929.7061667 [rtabmap-8] [33m[ WARN] (2026-04-19 18:42:04.786) MsgConversion.cpp:2010::getTransform() (getting transform base_link -> rover/base_link/imu_sensor) "rover/base_link/imu_sensor" passed to lookupTransform argument source_frame does not exist.  (wait_for_transform=0.200000)[0m
1776616929.7063167 [rtabmap-8] [33m[ WARN] (2026-04-19 18:42:04.950) Rtabmap.cpp:3069::process() Rejected loop closure 93 -> 163: Not enough inliers 0/20 (matches=18) between 93 and 163[0m
1776616929.7063842 [rtabmap-8] [33m[ WARN] (2026-04-19 18:42:06.402) MsgConversion.cpp:2010::getTransform() (getting transform base_link -> rover/base_link/imu_sensor) "rover/base_link/imu_sensor" passed to lookupTransform argument source_frame does not exist.  (wait_for_transform=0.200000)[0m
1776616929.7064435 [rtabmap-8] [33m[ WARN] (2026-04-19 18:42:06.573) Rtabmap.cpp:3069::process() Rejected loop closure 95 -> 164: Not enough inliers 0/20 (matches=29) between 95 and 164[0m
1776616929.7064984 [rtabmap-8] [33m[ WARN] (2026-04-19 18:42:07.651) MsgConversion.cpp:2010::getTransform() (getting transform base_link -> rover/base_link/imu_sensor) "rover/base_link/imu_sensor" passed to lookupTransform argument source_frame does not exist.  (wait_for_transform=0.200000)[0m
1776616929.7065513 [rtabmap-8] [33m[ WARN] (2026-04-19 18:42:09.164) MsgConversion.cpp:2010::getTransform() (getting transform base_link -> rover/base_link/imu_sensor) "rover/base_link/imu_sensor" passed to lookupTransform argument source_frame does not exist.  (wait_for_transform=0.200000)[0m
1776616934.7062595 [rtabmap-8] [33m[ WARN] (2026-04-19 18:42:10.651) MsgConversion.cpp:2010::getTransform() (getting transform base_link -> rover/base_link/imu_sensor) "rover/base_link/imu_sensor" passed to lookupTransform argument source_frame does not exist.  (wait_for_transform=0.200000)[0m
1776616934.7064073 [rtabmap-8] [33m[ WARN] (2026-04-19 18:42:12.230) MsgConversion.cpp:2010::getTransform() (getting transform base_link -> rover/base_link/imu_sensor) "rover/base_link/imu_sensor" passed to lookupTransform argument source_frame does not exist.  (wait_for_transform=0.200000)[0m
1776616934.7064760 [rtabmap-8] [33m[ WARN] (2026-04-19 18:42:13.626) MsgConversion.cpp:2010::getTransform() (getting transform base_link -> rover/base_link/imu_sensor) "rover/base_link/imu_sensor" passed to lookupTransform argument source_frame does not exist.  (wait_for_transform=0.200000)[0m
1776616939.7063413 [rtabmap-8] [33m[ WARN] (2026-04-19 18:42:15.044) MsgConversion.cpp:2010::getTransform() (getting transform base_link -> rover/base_link/imu_sensor) "rover/base_link/imu_sensor" passed to lookupTransform argument source_frame does not exist.  (wait_for_transform=0.200000)[0m
1776616939.7064905 [rtabmap-8] [33m[ WARN] (2026-04-19 18:42:16.294) MsgConversion.cpp:2010::getTransform() (getting transform base_link -> rover/base_link/imu_sensor) "rover/base_link/imu_sensor" passed to lookupTransform argument source_frame does not exist.  (wait_for_transform=0.200000)[0m
1776616939.7065556 [rtabmap-8] [33m[ WARN] (2026-04-19 18:42:17.736) MsgConversion.cpp:2010::getTransform() (getting transform base_link -> rover/base_link/imu_sensor) "rover/base_link/imu_sensor" passed to lookupTransform argument source_frame does not exist.  (wait_for_transform=0.200000)[0m
1776616939.7066295 [rtabmap-8] [33m[ WARN] (2026-04-19 18:42:19.081) MsgConversion.cpp:2010::getTransform() (getting transform base_link -> rover/base_link/imu_sensor) "rover/base_link/imu_sensor" passed to lookupTransform argument source_frame does not exist.  (wait_for_transform=0.200000)[0m
1776616944.7047069 [rgbd_odometry-7] [33m[ WARN] (2026-04-19 18:42:21.960) OdometryF2M.cpp:626::computeTransform() Registration failed: "Not enough inliers 8/20 (matches=196) between -1 and 164" (guess=xyz=-0.032902,0.003085,0.000862 rpy=-0.004236,-0.003573,0.048311)[0m
1776616944.7048724 [rgbd_odometry-7] [33m[ WARN] (2026-04-19 18:42:21.960) OdometryF2M.cpp:319::computeTransform() Failed to find a transformation with the provided guess (xyz=-0.032902,0.003085,0.000862 rpy=-0.004236,-0.003573,0.048311), trying again without a guess.[0m
1776616944.7049701 [rgbd_odometry-7] [33m[ WARN] (2026-04-19 18:42:22.265) OdometryF2M.cpp:636::computeTransform() Trial with no guess succeeded![0m
1776616944.7050414 [rgbd_odometry-7] [33m[ WARN] (2026-04-19 18:42:22.469) OdometryF2M.cpp:626::computeTransform() Registration failed: "Not enough inliers 9/20 (matches=169) between -1 and 165" (guess=xyz=-0.008864,0.002898,0.000189 rpy=-0.010331,-0.012869,0.015502)[0m
1776616944.7051036 [rgbd_odometry-7] [33m[ WARN] (2026-04-19 18:42:22.470) OdometryF2M.cpp:319::computeTransform() Failed to find a transformation with the provided guess (xyz=-0.008864,0.002898,0.000189 rpy=-0.010331,-0.012869,0.015502), trying again without a guess.[0m
1776616944.7051623 [rgbd_odometry-7] [33m[ WARN] (2026-04-19 18:42:22.794) OdometryF2M.cpp:636::computeTransform() Trial with no guess succeeded![0m
1776616944.7052183 [rgbd_odometry-7] [33m[ WARN] (2026-04-19 18:42:22.919) OdometryF2M.cpp:626::computeTransform() Registration failed: "Not enough inliers 11/20 (matches=240) between -1 and 166" (guess=xyz=0.060671,-0.004549,-0.001378 rpy=-0.010901,-0.013431,-0.092045)[0m
1776616944.7052724 [rgbd_odometry-7] [33m[ WARN] (2026-04-19 18:42:22.920) OdometryF2M.cpp:319::computeTransform() Failed to find a transformation with the provided guess (xyz=0.060671,-0.004549,-0.001378 rpy=-0.010901,-0.013431,-0.092045), trying again without a guess.[0m
1776616944.7053237 [rgbd_odometry-7] [33m[ WARN] (2026-04-19 18:42:23.257) OdometryF2M.cpp:636::computeTransform() Trial with no guess succeeded![0m
1776616944.7053769 [rgbd_odometry-7] [33m[ WARN] (2026-04-19 18:42:23.373) OdometryF2M.cpp:626::computeTransform() Registration failed: "Not enough inliers 7/20 (matches=124) between -1 and 167" (guess=xyz=0.134119,-0.011767,-0.004102 rpy=-0.009594,-0.002778,-0.210437)[0m
1776616944.7054284 [rgbd_odometry-7] [33m[ WARN] (2026-04-19 18:42:23.373) OdometryF2M.cpp:319::computeTransform() Failed to find a transformation with the provided guess (xyz=0.134119,-0.011767,-0.004102 rpy=-0.009594,-0.002778,-0.210437), trying again without a guess.[0m
1776616944.7054794 [rgbd_odometry-7] [33m[ WARN] (2026-04-19 18:42:23.705) OdometryF2M.cpp:636::computeTransform() Trial with no guess succeeded![0m
1776616944.7055311 [rgbd_odometry-7] [33m[ WARN] (2026-04-19 18:42:23.868) OdometryF2M.cpp:626::computeTransform() Registration failed: "Not enough inliers 0/20 (matches=70) between -1 and 168" (guess=xyz=0.125717,-0.007172,-0.004529 rpy=-0.004471,0.006886,-0.193356)[0m
1776616944.7055838 [rgbd_odometry-7] [33m[ WARN] (2026-04-19 18:42:23.868) OdometryF2M.cpp:319::computeTransform() Failed to find a transformation with the provided guess (xyz=0.125717,-0.007172,-0.004529 rpy=-0.004471,0.006886,-0.193356), trying again without a guess.[0m
1776616944.7056353 [rgbd_odometry-7] [33m[ WARN] (2026-04-19 18:42:24.181) OdometryF2M.cpp:636::computeTransform() Trial with no guess succeeded![0m
1776616944.7056870 [rgbd_odometry-7] [33m[ WARN] (2026-04-19 18:42:24.350) OdometryF2M.cpp:626::computeTransform() Registration failed: "Not enough inliers 11/20 (matches=142) between -1 and 169" (guess=xyz=0.057631,-0.002824,-0.001938 rpy=0.003207,0.008908,-0.078865)[0m
1776616944.7057588 [rgbd_odometry-7] [33m[ WARN] (2026-04-19 18:42:24.350) OdometryF2M.cpp:319::computeTransform() Failed to find a transformation with the provided guess (xyz=0.057631,-0.002824,-0.001938 rpy=0.003207,0.008908,-0.078865), trying again without a guess.[0m
1776616944.7058122 [rgbd_odometry-7] [33m[ WARN] (2026-04-19 18:42:24.683) OdometryF2M.cpp:636::computeTransform() Trial with no guess succeeded![0m
1776616944.7063930 [rtabmap-8] [33m[ WARN] (2026-04-19 18:42:20.515) MsgConversion.cpp:2010::getTransform() (getting transform base_link -> rover/base_link/imu_sensor) "rover/base_link/imu_sensor" passed to lookupTransform argument source_frame does not exist.  (wait_for_transform=0.200000)[0m
1776616944.7064688 [rtabmap-8] [33m[ WARN] (2026-04-19 18:42:21.892) MsgConversion.cpp:2010::getTransform() (getting transform base_link -> rover/base_link/imu_sensor) "rover/base_link/imu_sensor" passed to lookupTransform argument source_frame does not exist.  (wait_for_transform=0.200000)[0m
1776616944.7065194 [rtabmap-8] [33m[ WARN] (2026-04-19 18:42:23.328) MsgConversion.cpp:2010::getTransform() (getting transform base_link -> rover/base_link/imu_sensor) "rover/base_link/imu_sensor" passed to lookupTransform argument source_frame does not exist.  (wait_for_transform=0.200000)[0m
1776616944.7065666 [rtabmap-8] [33m[ WARN] (2026-04-19 18:42:24.665) MsgConversion.cpp:2010::getTransform() (getting transform base_link -> rover/base_link/imu_sensor) "rover/base_link/imu_sensor" passed to lookupTransform argument source_frame does not exist.  (wait_for_transform=0.200000)[0m
1776616949.7047637 [rgbd_odometry-7] [33m[ WARN] (2026-04-19 18:42:24.787) OdometryF2M.cpp:626::computeTransform() Registration failed: "Not enough inliers 7/20 (matches=144) between -1 and 170" (guess=xyz=0.023990,0.003604,0.001413 rpy=0.002245,0.010970,-0.029804)[0m
1776616949.7049212 [rgbd_odometry-7] [33m[ WARN] (2026-04-19 18:42:24.787) OdometryF2M.cpp:319::computeTransform() Failed to find a transformation with the provided guess (xyz=0.023990,0.003604,0.001413 rpy=0.002245,0.010970,-0.029804), trying again without a guess.[0m
1776616949.7256236 [rgbd_odometry-7] [33m[ WARN] (2026-04-19 18:42:25.127) OdometryF2M.cpp:636::computeTransform() Trial with no guess succeeded![0m
1776616949.7257454 [rgbd_odometry-7] [33m[ WARN] (2026-04-19 18:42:25.279) OdometryF2M.cpp:626::computeTransform() Registration failed: "Not enough inliers 9/20 (matches=189) between -1 and 171" (guess=xyz=0.038620,0.003078,0.002312 rpy=0.009746,0.000001,-0.070048)[0m
1776616949.7258081 [rgbd_odometry-7] [33m[ WARN] (2026-04-19 18:42:25.279) OdometryF2M.cpp:319::computeTransform() Failed to find a transformation with the provided guess (xyz=0.038620,0.003078,0.002312 rpy=0.009746,0.000001,-0.070048), trying again without a guess.[0m
1776616949.7258654 [rgbd_odometry-7] [33m[ WARN] (2026-04-19 18:42:25.604) OdometryF2M.cpp:636::computeTransform() Trial with no guess succeeded![0m
1776616949.7259309 [rgbd_odometry-7] [33m[ WARN] (2026-04-19 18:42:25.790) OdometryF2M.cpp:626::computeTransform() Registration failed: "Not enough inliers 0/20 (matches=96) between -1 and 172" (guess=xyz=0.083013,-0.004586,0.001449 rpy=0.007902,-0.008255,-0.155657)[0m
1776616949.7259839 [rgbd_odometry-7] [33m[ WARN] (2026-04-19 18:42:25.791) OdometryF2M.cpp:319::computeTransform() Failed to find a transformation with the provided guess (xyz=0.083013,-0.004586,0.001449 rpy=0.007902,-0.008255,-0.155657), trying again without a guess.[0m
1776616949.7260332 [rgbd_odometry-7] [33m[ WARN] (2026-04-19 18:42:26.091) OdometryF2M.cpp:636::computeTransform() Trial with no guess succeeded![0m
1776616949.7265744 [rtabmap-8] [33m[ WARN] (2026-04-19 18:42:24.823) Rtabmap.cpp:3848::process() Rejecting all added loop closures (1, first is 177 <-> 65) in this iteration because a wrong loop closure has been detected after graph optimization, resulting in a maximum graph error ratio of 4.862295 (edge 169->171, type=0, abs error=0.420817 m, stddev=0.068537). The maximum error ratio parameter "RGBD/OptimizeMaxError" is 0.500000 of std deviation.[0m
1776616949.7266836 [rtabmap-8] [33m[ WARN] (2026-04-19 18:42:24.823) Rtabmap.cpp:3885::process() Rejecting all added loop closures (1, first is 177 <-> 65) in this iteration because a wrong loop closure has been detected after graph optimization, resulting in a maximum graph error ratio of 0.567372 (edge 155->156, type=0, abs error=42.060565 deg, stddev=0.093378). The maximum error ratio parameter "RGBD/OptimizeMaxError" is 0.500000 of std deviation.[0m
1776616949.7267208 [rtabmap-8] [33m[ WARN] (2026-04-19 18:42:24.823) Rtabmap.cpp:3923::process() Loop closure 177->65 rejected![0m
1776616949.7267482 [rtabmap-8] [33m[ WARN] (2026-04-19 18:42:25.802) MsgConversion.cpp:2010::getTransform() (getting transform base_link -> rover/base_link/imu_sensor) "rover/base_link/imu_sensor" passed to lookupTransform argument source_frame does not exist.  (wait_for_transform=0.200000)[0m
1776616949.7267709 [rtabmap-8] [33m[ WARN] (2026-04-19 18:42:27.153) MsgConversion.cpp:2010::getTransform() (getting transform base_link -> rover/base_link/imu_sensor) "rover/base_link/imu_sensor" passed to lookupTransform argument source_frame does not exist.  (wait_for_transform=0.200000)[0m
1776616949.7267950 [rtabmap-8] [33m[ WARN] (2026-04-19 18:42:27.298) Rtabmap.cpp:3885::process() Rejecting all added loop closures (1, first is 179 <-> 66) in this iteration because a wrong loop closure has been detected after graph optimization, resulting in a maximum graph error ratio of 0.542970 (edge 155->156, type=0, abs error=40.251562 deg, stddev=0.093378). The maximum error ratio parameter "RGBD/OptimizeMaxError" is 0.500000 of std deviation.[0m
1776616949.7268186 [rtabmap-8] [33m[ WARN] (2026-04-19 18:42:27.298) Rtabmap.cpp:3923::process() Loop closure 179->66 rejected![0m
1776616949.7268417 [rtabmap-8] [33m[ WARN] (2026-04-19 18:42:28.426) MsgConversion.cpp:2010::getTransform() (getting transform base_link -> rover/base_link/imu_sensor) "rover/base_link/imu_sensor" passed to lookupTransform argument source_frame does not exist.  (wait_for_transform=0.200000)[0m
1776616954.7048206 [rgbd_odometry-7] [33m[ WARN] (2026-04-19 18:42:30.471) OdometryF2M.cpp:626::computeTransform() Registration failed: "Not enough inliers 15/20 (matches=130) between -1 and 204" (guess=xyz=0.049775,0.004671,-0.001015 rpy=-0.006540,-0.002852,0.008292)[0m
1776616954.7049870 [rgbd_odometry-7] [33m[ WARN] (2026-04-19 18:42:30.471) OdometryF2M.cpp:319::computeTransform() Failed to find a transformation with the provided guess (xyz=0.049775,0.004671,-0.001015 rpy=-0.006540,-0.002852,0.008292), trying again without a guess.[0m
1776616954.7050552 [rgbd_odometry-7] [33m[ WARN] (2026-04-19 18:42:30.674) OdometryF2M.cpp:616::computeTransform() Trial with no guess still fail.[0m
1776616954.7051141 [rgbd_odometry-7] [33m[ WARN] (2026-04-19 18:42:30.674) OdometryF2M.cpp:626::computeTransform() Registration failed: "Not enough inliers 0/20 (matches=91) between -1 and 204" (guess=xyz=0.049775,0.004671,-0.001015 rpy=-0.006540,-0.002852,0.008292)[0m
1776616954.7051673 [rgbd_odometry-7] [33m[ WARN] (2026-04-19 18:42:32.706) OdometryF2M.cpp:626::computeTransform() Registration failed: "Not enough inliers 19/20 (matches=147) between -1 and 18" (guess=xyz=0.068420,0.004583,-0.000647 rpy=-0.011961,0.010122,-0.060174)[0m
1776616954.7052186 [rgbd_odometry-7] [33m[ WARN] (2026-04-19 18:42:32.707) OdometryF2M.cpp:319::computeTransform() Failed to find a transformation with the provided guess (xyz=0.068420,0.004583,-0.000647 rpy=-0.011961,0.010122,-0.060174), trying again without a guess.[0m
1776616954.7052701 [rgbd_odometry-7] [33m[ WARN] (2026-04-19 18:42:32.913) OdometryF2M.cpp:616::computeTransform() Trial with no guess still fail.[0m
1776616954.7053213 [rgbd_odometry-7] [33m[ WARN] (2026-04-19 18:42:32.913) OdometryF2M.cpp:626::computeTransform() Registration failed: "Not enough inliers 0/20 (matches=82) between -1 and 18" (guess=xyz=0.068420,0.004583,-0.000647 rpy=-0.011961,0.010122,-0.060174)[0m
1776616954.7064948 [rtabmap-8] [33m[ WARN] (2026-04-19 18:42:29.751) MsgConversion.cpp:2010::getTransform() (getting transform base_link -> rover/base_link/imu_sensor) "rover/base_link/imu_sensor" passed to lookupTransform argument source_frame does not exist.  (wait_for_transform=0.200000)[0m
1776616954.7065916 [rtabmap-8] [33m[ WARN] (2026-04-19 18:42:30.825) MsgConversion.cpp:2010::getTransform() (getting transform base_link -> rover/base_link/imu_sensor) "rover/base_link/imu_sensor" passed to lookupTransform argument source_frame does not exist.  (wait_for_transform=0.200000)[0m
1776616954.7066267 [rtabmap-8] [33m[ WARN] (2026-04-19 18:42:30.979) Rtabmap.cpp:3848::process() Rejecting all added loop closures (1, first is 182 <-> 74) in this iteration because a wrong loop closure has been detected after graph optimization, resulting in a maximum graph error ratio of 11.339947 (edge 169->171, type=0, abs error=0.981438 m, stddev=0.068537). The maximum error ratio parameter "RGBD/OptimizeMaxError" is 0.500000 of std deviation.[0m
1776616954.7066550 [rtabmap-8] [33m[ WARN] (2026-04-19 18:42:30.979) Rtabmap.cpp:3885::process() Rejecting all added loop closures (1, first is 182 <-> 74) in this iteration because a wrong loop closure has been detected after graph optimization, resulting in a maximum graph error ratio of 0.696199 (edge 173->175, type=0, abs error=54.554038 deg, stddev=0.058608). The maximum error ratio parameter "RGBD/OptimizeMaxError" is 0.500000 of std deviation.[0m
1776616954.7066767 [rtabmap-8] [33m[ WARN] (2026-04-19 18:42:30.979) Rtabmap.cpp:3923::process() Loop closure 182->74 rejected![0m
1776616954.7066977 [rtabmap-8] [33m[ WARN] (2026-04-19 18:42:32.097) MsgConversion.cpp:2010::getTransform() (getting transform base_link -> rover/base_link/imu_sensor) "rover/base_link/imu_sensor" passed to lookupTransform argument source_frame does not exist.  (wait_for_transform=0.200000)[0m
1776616954.7067163 [rtabmap-8] [33m[ WARN] (2026-04-19 18:42:33.343) MsgConversion.cpp:2010::getTransform() (getting transform base_link -> rover/base_link/imu_sensor) "rover/base_link/imu_sensor" passed to lookupTransform argument source_frame does not exist.  (wait_for_transform=0.200000)[0m
1776616956.8980393 [llava_node-1] [ERROR] [llava.cpp:clear_mtmds:116] Clearing mtmds...
1776616956.9135380 [llava_node-1] [WARN] [llama.cpp:run_loop:1395] Empty prompt on slot 0
1776616956.9136989 [llava_node-1] [WARN] [task_registry.cpp:fail_pending:64] Attempted to fail unknown goal_id: 585594054
1776616956.9138601 [llava_node-1] [ERROR] [llama.cpp:run_loop:1490] No tokens to decode in this iteration
1776616959.7067063 [rtabmap-8] [33m[ WARN] (2026-04-19 18:42:34.756) MsgConversion.cpp:2010::getTransform() (getting transform base_link -> rover/base_link/imu_sensor) "rover/base_link/imu_sensor" passed to lookupTransform argument source_frame does not exist.  (wait_for_transform=0.200000)[0m
1776616959.7068479 [rtabmap-8] [33m[ WARN] (2026-04-19 18:42:35.874) MsgConversion.cpp:2010::getTransform() (getting transform base_link -> rover/base_link/imu_sensor) "rover/base_link/imu_sensor" passed to lookupTransform argument source_frame does not exist.  (wait_for_transform=0.200000)[0m
1776616959.7069120 [rtabmap-8] [33m[ WARN] (2026-04-19 18:42:37.093) MsgConversion.cpp:2010::getTransform() (getting transform base_link -> rover/base_link/imu_sensor) "rover/base_link/imu_sensor" passed to lookupTransform argument source_frame does not exist.  (wait_for_transform=0.200000)[0m
1776616959.7069561 [rtabmap-8] [33m[ WARN] (2026-04-19 18:42:37.255) Rtabmap.cpp:3848::process() Rejecting all added loop closures (1, first is 187 <-> 111) in this iteration because a wrong loop closure has been detected after graph optimization, resulting in a maximum graph error ratio of 0.612007 (edge 186->187, type=0, abs error=0.073423 m, stddev=0.095115). The maximum error ratio parameter "RGBD/OptimizeMaxError" is 0.500000 of std deviation.[0m
1776616959.7069917 [rtabmap-8] [33m[ WARN] (2026-04-19 18:42:37.255) Rtabmap.cpp:3885::process() Rejecting all added loop closures (1, first is 187 <-> 111) in this iteration because a wrong loop closure has been detected after graph optimization, resulting in a maximum graph error ratio of 0.539461 (edge 111->187, type=1, abs error=2.252855 deg, stddev=0.072887). The maximum error ratio parameter "RGBD/OptimizeMaxError" is 0.500000 of std deviation.[0m
1776616959.7070231 [rtabmap-8] [33m[ WARN] (2026-04-19 18:42:37.255) Rtabmap.cpp:3923::process() Loop closure 187->111 rejected![0m
1776616959.7070529 [rtabmap-8] [33m[ WARN] (2026-04-19 18:42:38.399) MsgConversion.cpp:2010::getTransform() (getting transform base_link -> rover/base_link/imu_sensor) "rover/base_link/imu_sensor" passed to lookupTransform argument source_frame does not exist.  (wait_for_transform=0.200000)[0m
1776616959.7070963 [rtabmap-8] [33m[ WARN] (2026-04-19 18:42:38.551) Rtabmap.cpp:3848::process() Rejecting all added loop closures (1, first is 187 <-> 111) in this iteration because a wrong loop closure has been detected after graph optimization, resulting in a maximum graph error ratio of 0.621530 (edge 186->187, type=0, abs error=0.074566 m, stddev=0.095115). The maximum error ratio parameter "RGBD/OptimizeMaxError" is 0.500000 of std deviation.[0m
1776616959.7071233 [rtabmap-8] [33m[ WARN] (2026-04-19 18:42:38.551) Rtabmap.cpp:3885::process() Rejecting all added loop closures (1, first is 187 <-> 111) in this iteration because a wrong loop closure has been detected after graph optimization, resulting in a maximum graph error ratio of 0.503093 (edge 111->186, type=1, abs error=1.536047 deg, stddev=0.053288). The maximum error ratio parameter "RGBD/OptimizeMaxError" is 0.500000 of std deviation.[0m
1776616959.7071488 [rtabmap-8] [33m[ WARN] (2026-04-19 18:42:38.551) Rtabmap.cpp:3923::process() Loop closure 187->111 rejected![0m
1776616959.7071745 [rtabmap-8] [33m[ WARN] (2026-04-19 18:42:39.634) MsgConversion.cpp:2010::getTransform() (getting transform base_link -> rover/base_link/imu_sensor) "rover/base_link/imu_sensor" passed to lookupTransform argument source_frame does not exist.  (wait_for_transform=0.200000)[0m
1776616964.7067974 [rtabmap-8] [33m[ WARN] (2026-04-19 18:42:39.791) Rtabmap.cpp:3848::process() Rejecting all added loop closures (1, first is 187 <-> 111) in this iteration because a wrong loop closure has been detected after graph optimization, resulting in a maximum graph error ratio of 0.618255 (edge 186->187, type=0, abs error=0.074173 m, stddev=0.095115). The maximum error ratio parameter "RGBD/OptimizeMaxError" is 0.500000 of std deviation.[0m
1776616964.7069414 [rtabmap-8] [33m[ WARN] (2026-04-19 18:42:39.791) Rtabmap.cpp:3885::process() Rejecting all added loop closures (1, first is 187 <-> 111) in this iteration because a wrong loop closure has been detected after graph optimization, resulting in a maximum graph error ratio of 0.545652 (edge 111->187, type=1, abs error=2.243000 deg, stddev=0.071745). The maximum error ratio parameter "RGBD/OptimizeMaxError" is 0.500000 of std deviation.[0m
1776616964.7069919 [rtabmap-8] [33m[ WARN] (2026-04-19 18:42:39.791) Rtabmap.cpp:3923::process() Loop closure 187->111 rejected![0m
1776616964.7070322 [rtabmap-8] [33m[ WARN] (2026-04-19 18:42:40.788) MsgConversion.cpp:2010::getTransform() (getting transform base_link -> rover/base_link/imu_sensor) "rover/base_link/imu_sensor" passed to lookupTransform argument source_frame does not exist.  (wait_for_transform=0.200000)[0m
1776616964.7070668 [rtabmap-8] [33m[ WARN] (2026-04-19 18:42:42.057) MsgConversion.cpp:2010::getTransform() (getting transform base_link -> rover/base_link/imu_sensor) "rover/base_link/imu_sensor" passed to lookupTransform argument source_frame does not exist.  (wait_for_transform=0.200000)[0m
1776616964.7070906 [rtabmap-8] [33m[ WARN] (2026-04-19 18:42:43.329) MsgConversion.cpp:2010::getTransform() (getting transform base_link -> rover/base_link/imu_sensor) "rover/base_link/imu_sensor" passed to lookupTransform argument source_frame does not exist.  (wait_for_transform=0.200000)[0m
1776616964.7071116 [rtabmap-8] [33m[ WARN] (2026-04-19 18:42:44.536) MsgConversion.cpp:2010::getTransform() (getting transform base_link -> rover/base_link/imu_sensor) "rover/base_link/imu_sensor" passed to lookupTransform argument source_frame does not exist.  (wait_for_transform=0.200000)[0m
1776616969.7050648 [rgbd_odometry-7] [33m[ WARN] (2026-04-19 18:42:49.003) OdometryF2M.cpp:626::computeTransform() Registration failed: "Not enough inliers 14/20 (matches=149) between -1 and 93" (guess=xyz=0.050181,-0.002719,-0.004094 rpy=0.006092,0.000570,0.008453)[0m
1776616969.7052262 [rgbd_odometry-7] [33m[ WARN] (2026-04-19 18:42:49.004) OdometryF2M.cpp:319::computeTransform() Failed to find a transformation with the provided guess (xyz=0.050181,-0.002719,-0.004094 rpy=0.006092,0.000570,0.008453), trying again without a guess.[0m
1776616969.7052972 [rgbd_odometry-7] [33m[ WARN] (2026-04-19 18:42:49.284) OdometryF2M.cpp:636::computeTransform() Trial with no guess succeeded![0m
1776616969.7053585 [rgbd_odometry-7] [33m[ WARN] (2026-04-19 18:42:49.398) OdometryF2M.cpp:626::computeTransform() Registration failed: "Not enough inliers 9/20 (matches=100) between -1 and 94" (guess=xyz=0.152118,-0.006566,-0.014516 rpy=0.003876,0.035806,-0.056760)[0m
1776616969.7054141 [rgbd_odometry-7] [33m[ WARN] (2026-04-19 18:42:49.399) OdometryF2M.cpp:319::computeTransform() Failed to find a transformation with the provided guess (xyz=0.152118,-0.006566,-0.014516 rpy=0.003876,0.035806,-0.056760), trying again without a guess.[0m
1776616969.7054679 [rgbd_odometry-7] [33m[ WARN] (2026-04-19 18:42:49.675) OdometryF2M.cpp:636::computeTransform() Trial with no guess succeeded![0m
1776616969.7067659 [rtabmap-8] [33m[ WARN] (2026-04-19 18:42:45.786) MsgConversion.cpp:2010::getTransform() (getting transform base_link -> rover/base_link/imu_sensor) "rover/base_link/imu_sensor" passed to lookupTransform argument source_frame does not exist.  (wait_for_transform=0.200000)[0m
1776616969.7068715 [rtabmap-8] [33m[ WARN] (2026-04-19 18:42:47.005) MsgConversion.cpp:2010::getTransform() (getting transform base_link -> rover/base_link/imu_sensor) "rover/base_link/imu_sensor" passed to lookupTransform argument source_frame does not exist.  (wait_for_transform=0.200000)[0m
1776616969.7069161 [rtabmap-8] [33m[ WARN] (2026-04-19 18:42:47.184) Rtabmap.cpp:3069::process() Rejected loop closure 112 -> 195: Not enough inliers 0/20 (matches=20) between 112 and 195[0m
1776616969.7069440 [rtabmap-8] [33m[ WARN] (2026-04-19 18:42:48.352) MsgConversion.cpp:2010::getTransform() (getting transform base_link -> rover/base_link/imu_sensor) "rover/base_link/imu_sensor" passed to lookupTransform argument source_frame does not exist.  (wait_for_transform=0.200000)[0m
1776616974.7051394 [rgbd_odometry-7] [33m[ WARN] (2026-04-19 18:42:50.453) OdometryF2M.cpp:626::computeTransform() Registration failed: "Not enough inliers 0/20 (matches=81) between -1 and 97" (guess=xyz=0.127427,-0.019685,0.056811 rpy=-0.017056,0.044007,-0.046333)[0m
1776616974.7053003 [rgbd_odometry-7] [33m[ WARN] (2026-04-19 18:42:50.454) OdometryF2M.cpp:319::computeTransform() Failed to find a transformation with the provided guess (xyz=0.127427,-0.019685,0.056811 rpy=-0.017056,0.044007,-0.046333), trying again without a guess.[0m
1776616974.7053671 [rgbd_odometry-7] [33m[ WARN] (2026-04-19 18:42:50.735) OdometryF2M.cpp:636::computeTransform() Trial with no guess succeeded![0m
1776616974.7054267 [rgbd_odometry-7] [33m[ WARN] (2026-04-19 18:42:50.825) OdometryF2M.cpp:626::computeTransform() Registration failed: "Not enough inliers 7/20 (matches=113) between -1 and 98" (guess=xyz=0.101803,0.001093,0.031782 rpy=0.004314,0.028897,0.063169)[0m
1776616974.7054822 [rgbd_odometry-7] [33m[ WARN] (2026-04-19 18:42:50.826) OdometryF2M.cpp:319::computeTransform() Failed to find a transformation with the provided guess (xyz=0.101803,0.001093,0.031782 rpy=0.004314,0.028897,0.063169), trying again without a guess.[0m
1776616974.7055342 [rgbd_odometry-7] [33m[ WARN] (2026-04-19 18:42:51.100) OdometryF2M.cpp:636::computeTransform() Trial with no guess succeeded![0m
1776616974.7056110 [rgbd_odometry-7] [33m[ WARN] (2026-04-19 18:42:51.669) OdometryF2M.cpp:626::computeTransform() Registration failed: "Not enough inliers 8/20 (matches=130) between -1 and 102" (guess=xyz=0.083184,0.005900,-0.013590 rpy=0.003219,-0.004221,0.067392)[0m
1776616974.7056656 [rgbd_odometry-7] [33m[ WARN] (2026-04-19 18:42:51.670) OdometryF2M.cpp:319::computeTransform() Failed to find a transformation with the provided guess (xyz=0.083184,0.005900,-0.013590 rpy=0.003219,-0.004221,0.067392), trying again without a guess.[0m
1776616974.7057152 [rgbd_odometry-7] [33m[ WARN] (2026-04-19 18:42:51.988) OdometryF2M.cpp:636::computeTransform() Trial with no guess succeeded![0m
1776616974.7057636 [rgbd_odometry-7] [33m[ WARN] (2026-04-19 18:42:52.347) OdometryF2M.cpp:626::computeTransform() Registration failed: "Not enough inliers 6/20 (matches=46) between -1 and 103" (guess=xyz=0.368152,-0.000685,-0.044178 rpy=-0.009172,-0.036172,0.197100)[0m
1776616974.7058125 [rgbd_odometry-7] [33m[ WARN] (2026-04-19 18:42:52.348) OdometryF2M.cpp:319::computeTransform() Failed to find a transformation with the provided guess (xyz=0.368152,-0.000685,-0.044178 rpy=-0.009172,-0.036172,0.197100), trying again without a guess.[0m
1776616974.7058580 [rgbd_odometry-7] [33m[ WARN] (2026-04-19 18:42:52.588) OdometryF2M.cpp:616::computeTransform() Trial with no guess still fail.[0m
1776616974.7059140 [rgbd_odometry-7] [33m[ WARN] (2026-04-19 18:42:52.588) OdometryF2M.cpp:626::computeTransform() Registration failed: "Not enough inliers 12/20 (matches=141) between -1 and 103" (guess=xyz=0.368152,-0.000685,-0.044178 rpy=-0.009172,-0.036172,0.197100)[0m
1776616974.7069564 [rtabmap-8] [33m[ WARN] (2026-04-19 18:42:49.906) MsgConversion.cpp:2010::getTransform() (getting transform base_link -> rover/base_link/imu_sensor) "rover/base_link/imu_sensor" passed to lookupTransform argument source_frame does not exist.  (wait_for_transform=0.200000)[0m
1776616974.7070575 [rtabmap-8] [33m[ WARN] (2026-04-19 18:42:50.083) Rtabmap.cpp:3069::process() Rejected loop closure 113 -> 197: Not enough inliers 0/20 (matches=18) between 113 and 197[0m
1776616974.7070932 [rtabmap-8] [33m[ WARN] (2026-04-19 18:42:51.383) MsgConversion.cpp:2010::getTransform() (getting transform base_link -> rover/base_link/imu_sensor) "rover/base_link/imu_sensor" passed to lookupTransform argument source_frame does not exist.  (wait_for_transform=0.200000)[0m
1776616974.7071209 [rtabmap-8] [33m[ WARN] (2026-04-19 18:42:52.678) MsgConversion.cpp:2010::getTransform() (getting transform base_link -> rover/base_link/imu_sensor) "rover/base_link/imu_sensor" passed to lookupTransform argument source_frame does not exist.  (wait_for_transform=0.200000)[0m
1776616974.7071440 [rtabmap-8] [33m[ WARN] (2026-04-19 18:42:53.883) MsgConversion.cpp:2010::getTransform() (getting transform base_link -> rover/base_link/imu_sensor) "rover/base_link/imu_sensor" passed to lookupTransform argument source_frame does not exist.  (wait_for_transform=0.200000)[0m
1776616979.7052524 [rgbd_odometry-7] [33m[ WARN] (2026-04-19 18:42:58.021) OdometryF2M.cpp:626::computeTransform() Registration failed: "Not enough inliers 12/20 (matches=53) between -1 and 34" (guess=xyz=0.025772,-0.003447,0.002537 rpy=0.005388,0.003916,0.074273)[0m
1776616979.7054055 [rgbd_odometry-7] [33m[ WARN] (2026-04-19 18:42:58.021) OdometryF2M.cpp:319::computeTransform() Failed to find a transformation with the provided guess (xyz=0.025772,-0.003447,0.002537 rpy=0.005388,0.003916,0.074273), trying again without a guess.[0m
1776616979.7054708 [rgbd_odometry-7] [33m[ WARN] (2026-04-19 18:42:58.189) OdometryF2M.cpp:616::computeTransform() Trial with no guess still fail.[0m
1776616979.7055285 [rgbd_odometry-7] [33m[ WARN] (2026-04-19 18:42:58.189) OdometryF2M.cpp:626::computeTransform() Registration failed: "Not enough inliers 0/20 (matches=8) between -1 and 34" (guess=xyz=0.025772,-0.003447,0.002537 rpy=0.005388,0.003916,0.074273)[0m
1776616979.7069666 [rtabmap-8] [33m[ WARN] (2026-04-19 18:42:55.148) MsgConversion.cpp:2010::getTransform() (getting transform base_link -> rover/base_link/imu_sensor) "rover/base_link/imu_sensor" passed to lookupTransform argument source_frame does not exist.  (wait_for_transform=0.200000)[0m
1776616979.7070796 [rtabmap-8] [33m[ WARN] (2026-04-19 18:42:56.275) MsgConversion.cpp:2010::getTransform() (getting transform base_link -> rover/base_link/imu_sensor) "rover/base_link/imu_sensor" passed to lookupTransform argument source_frame does not exist.  (wait_for_transform=0.200000)[0m
1776616979.7071185 [rtabmap-8] [33m[ WARN] (2026-04-19 18:42:56.405) Rtabmap.cpp:3069::process() Rejected loop closure 18 -> 202: Not enough inliers 0/20 (matches=17) between 18 and 202[0m
1776616979.7071464 [rtabmap-8] [33m[ WARN] (2026-04-19 18:42:57.564) MsgConversion.cpp:2010::getTransform() (getting transform base_link -> rover/base_link/imu_sensor) "rover/base_link/imu_sensor" passed to lookupTransform argument source_frame does not exist.  (wait_for_transform=0.200000)[0m
1776616979.7071705 [rtabmap-8] [33m[ WARN] (2026-04-19 18:42:57.706) Rtabmap.cpp:3069::process() Rejected loop closure 18 -> 203: Not enough inliers 0/20 (matches=19) between 18 and 203[0m
1776616979.7071927 [rtabmap-8] [33m[ WARN] (2026-04-19 18:42:58.847) MsgConversion.cpp:2010::getTransform() (getting transform base_link -> rover/base_link/imu_sensor) "rover/base_link/imu_sensor" passed to lookupTransform argument source_frame does not exist.  (wait_for_transform=0.200000)[0m
1776616979.7072132 [rtabmap-8] [33m[ WARN] (2026-04-19 18:42:58.899) Memory.cpp:3217::computeTransform() Missing visual features or missing raw data to compute them. Transform cannot be estimated.[0m
1776616984.7053144 [rgbd_odometry-7] [33m[ WARN] (2026-04-19 18:43:01.792) OdometryF2M.cpp:626::computeTransform() Registration failed: "Not enough inliers 0/20 (matches=22) between -1 and 26" (guess=xyz=0.165581,0.091378,0.003935 rpy=0.015670,0.012471,0.528554)[0m
1776616984.7054677 [rgbd_odometry-7] [33m[ WARN] (2026-04-19 18:43:01.793) OdometryF2M.cpp:319::computeTransform() Failed to find a transformation with the provided guess (xyz=0.165581,0.091378,0.003935 rpy=0.015670,0.012471,0.528554), trying again without a guess.[0m
1776616984.7055330 [rgbd_odometry-7] [33m[ WARN] (2026-04-19 18:43:02.003) OdometryF2M.cpp:636::computeTransform() Trial with no guess succeeded![0m
1776616984.7055895 [rgbd_odometry-7] [33m[ WARN] (2026-04-19 18:43:02.177) OdometryF2M.cpp:626::computeTransform() Registration failed: "Not enough inliers 6/20 (matches=80) between -1 and 27" (guess=xyz=0.054803,0.013763,0.000429 rpy=0.006516,0.004248,0.205057)[0m
1776616984.7056420 [rgbd_odometry-7] [33m[ WARN] (2026-04-19 18:43:02.177) OdometryF2M.cpp:319::computeTransform() Failed to find a transformation with the provided guess (xyz=0.054803,0.013763,0.000429 rpy=0.006516,0.004248,0.205057), trying again without a guess.[0m
1776616984.7056928 [rgbd_odometry-7] [33m[ WARN] (2026-04-19 18:43:02.476) OdometryF2M.cpp:636::computeTransform() Trial with no guess succeeded![0m
1776616984.7057407 [rgbd_odometry-7] [33m[ WARN] (2026-04-19 18:43:02.549) OdometryF2M.cpp:626::computeTransform() Registration failed: "Not enough inliers 7/20 (matches=98) between -1 and 28" (guess=xyz=0.021919,-0.017791,-0.001875 rpy=0.003487,-0.000839,0.147727)[0m
1776616984.7057874 [rgbd_odometry-7] [33m[ WARN] (2026-04-19 18:43:02.549) OdometryF2M.cpp:319::computeTransform() Failed to find a transformation with the provided guess (xyz=0.021919,-0.017791,-0.001875 rpy=0.003487,-0.000839,0.147727), trying again without a guess.[0m
1776616984.7058330 [rgbd_odometry-7] [33m[ WARN] (2026-04-19 18:43:02.844) OdometryF2M.cpp:636::computeTransform() Trial with no guess succeeded![0m
1776616984.7058778 [rgbd_odometry-7] [33m[ WARN] (2026-04-19 18:43:03.033) OdometryF2M.cpp:626::computeTransform() Registration failed: "Not enough inliers 8/20 (matches=172) between -1 and 29" (guess=xyz=0.046634,-0.028999,-0.002028 rpy=0.000794,-0.006211,0.077523)[0m
1776616984.7059448 [rgbd_odometry-7] [33m[ WARN] (2026-04-19 18:43:03.034) OdometryF2M.cpp:319::computeTransform() Failed to find a transformation with the provided guess (xyz=0.046634,-0.028999,-0.002028 rpy=0.000794,-0.006211,0.077523), trying again without a guess.[0m
1776616984.7060089 [rgbd_odometry-7] [33m[ WARN] (2026-04-19 18:43:03.357) OdometryF2M.cpp:636::computeTransform() Trial with no guess succeeded![0m
1776616984.7060552 [rgbd_odometry-7] [33m[ WARN] (2026-04-19 18:43:03.449) OdometryF2M.cpp:626::computeTransform() Registration failed: "Not enough inliers 7/20 (matches=96) between -1 and 30" (guess=xyz=0.074799,-0.022046,-0.000839 rpy=-0.001733,-0.002870,-0.048892)[0m
1776616984.7060990 [rgbd_odometry-7] [33m[ WARN] (2026-04-19 18:43:03.449) OdometryF2M.cpp:319::computeTransform() Failed to find a transformation with the provided guess (xyz=0.074799,-0.022046,-0.000839 rpy=-0.001733,-0.002870,-0.048892), trying again without a guess.[0m
1776616984.7061419 [rgbd_odometry-7] [33m[ WARN] (2026-04-19 18:43:03.728) OdometryF2M.cpp:636::computeTransform() Trial with no guess succeeded![0m
1776616984.7070093 [rtabmap-8] [33m[ WARN] (2026-04-19 18:43:00.127) MsgConversion.cpp:2010::getTransform() (getting transform base_link -> rover/base_link/imu_sensor) "rover/base_link/imu_sensor" passed to lookupTransform argument source_frame does not exist.  (wait_for_transform=0.200000)[0m
1776616984.7071028 [rtabmap-8] [33m[ WARN] (2026-04-19 18:43:00.302) Rtabmap.cpp:3069::process() Rejected loop closure 16 -> 205: Not enough inliers 0/20 (matches=20) between 16 and 205[0m
1776616984.7071376 [rtabmap-8] [33m[ WARN] (2026-04-19 18:43:01.790) MsgConversion.cpp:2010::getTransform() (getting transform base_link -> rover/base_link/imu_sensor) "rover/base_link/imu_sensor" passed to lookupTransform argument source_frame does not exist.  (wait_for_transform=0.200000)[0m
1776616984.7071629 [rtabmap-8] [33m[ WARN] (2026-04-19 18:43:01.952) Rtabmap.cpp:3848::process() Rejecting all added loop closures (1, first is 206 <-> 69) in this iteration because a wrong loop closure has been detected after graph optimization, resulting in a maximum graph error ratio of 0.652592 (edge 186->187, type=0, abs error=0.078292 m, stddev=0.095115). The maximum error ratio parameter "RGBD/OptimizeMaxError" is 0.500000 of std deviation.[0m
1776616984.7071857 [rtabmap-8] [33m[ WARN] (2026-04-19 18:43:01.952) Rtabmap.cpp:3885::process() Rejecting all added loop closures (1, first is 206 <-> 69) in this iteration because a wrong loop closure has been detected after graph optimization, resulting in a maximum graph error ratio of 0.567816 (edge 155->156, type=0, abs error=42.093457 deg, stddev=0.093378). The maximum error ratio parameter "RGBD/OptimizeMaxError" is 0.500000 of std deviation.[0m
1776616984.7072062 [rtabmap-8] [33m[ WARN] (2026-04-19 18:43:01.952) Rtabmap.cpp:3923::process() Loop closure 206->69 rejected![0m
1776616984.7072263 [rtabmap-8] [33m[ WARN] (2026-04-19 18:43:02.679) MsgConversion.cpp:2010::getTransform() (getting transform base_link -> rover/base_link/imu_sensor) "rover/base_link/imu_sensor" passed to lookupTransform argument source_frame does not exist.  (wait_for_transform=0.200000)[0m
1776616984.7072446 [rtabmap-8] [33m[ WARN] (2026-04-19 18:43:03.881) MsgConversion.cpp:2010::getTransform() (getting transform base_link -> rover/base_link/imu_sensor) "rover/base_link/imu_sensor" passed to lookupTransform argument source_frame does not exist.  (wait_for_transform=0.200000)[0m
1776616989.7053330 [rgbd_odometry-7] [33m[ WARN] (2026-04-19 18:43:06.326) OdometryF2M.cpp:626::computeTransform() Registration failed: "Not enough inliers 6/20 (matches=48) between -1 and 47" (guess=xyz=0.054551,-0.005884,0.003749 rpy=0.012404,-0.000646,-0.062952)[0m
1776616989.7054482 [rgbd_odometry-7] [33m[ WARN] (2026-04-19 18:43:06.327) OdometryF2M.cpp:319::computeTransform() Failed to find a transformation with the provided guess (xyz=0.054551,-0.005884,0.003749 rpy=0.012404,-0.000646,-0.062952), trying again without a guess.[0m
1776616989.7055037 [rgbd_odometry-7] [33m[ WARN] (2026-04-19 18:43:06.527) OdometryF2M.cpp:616::computeTransform() Trial with no guess still fail.[0m
1776616989.7055302 [rgbd_odometry-7] [33m[ WARN] (2026-04-19 18:43:06.527) OdometryF2M.cpp:626::computeTransform() Registration failed: "Not enough inliers 0/20 (matches=48) between -1 and 47" (guess=xyz=0.054551,-0.005884,0.003749 rpy=0.012404,-0.000646,-0.062952)[0m
1776616989.7055519 [rgbd_odometry-7] [33m[ WARN] (2026-04-19 18:43:08.948) OdometryF2M.cpp:626::computeTransform() Registration failed: "Not enough inliers 7/20 (matches=46) between -1 and 27" (guess=xyz=0.046757,-0.007552,0.011498 rpy=0.030026,-0.085565,-0.002518)[0m
1776616989.7055714 [rgbd_odometry-7] [33m[ WARN] (2026-04-19 18:43:08.948) OdometryF2M.cpp:319::computeTransform() Failed to find a transformation with the provided guess (xyz=0.046757,-0.007552,0.011498 rpy=0.030026,-0.085565,-0.002518), trying again without a guess.[0m
1776616989.7055898 [rgbd_odometry-7] [33m[ WARN] (2026-04-19 18:43:09.130) OdometryF2M.cpp:616::computeTransform() Trial with no guess still fail.[0m
1776616989.7056072 [rgbd_odometry-7] [33m[ WARN] (2026-04-19 18:43:09.130) OdometryF2M.cpp:626::computeTransform() Registration failed: "Not enough inliers 0/20 (matches=34) between -1 and 27" (guess=xyz=0.046757,-0.007552,0.011498 rpy=0.030026,-0.085565,-0.002518)[0m
1776616989.7071519 [rtabmap-8] [33m[ WARN] (2026-04-19 18:43:05.088) MsgConversion.cpp:2010::getTransform() (getting transform base_link -> rover/base_link/imu_sensor) "rover/base_link/imu_sensor" passed to lookupTransform argument source_frame does not exist.  (wait_for_transform=0.200000)[0m
1776616989.7072735 [rtabmap-8] [33m[ WARN] (2026-04-19 18:43:06.392) MsgConversion.cpp:2010::getTransform() (getting transform base_link -> rover/base_link/imu_sensor) "rover/base_link/imu_sensor" passed to lookupTransform argument source_frame does not exist.  (wait_for_transform=0.200000)[0m
1776616989.7073178 [rtabmap-8] [33m[ WARN] (2026-04-19 18:43:07.626) MsgConversion.cpp:2010::getTransform() (getting transform base_link -> rover/base_link/imu_sensor) "rover/base_link/imu_sensor" passed to lookupTransform argument source_frame does not exist.  (wait_for_transform=0.200000)[0m
1776616989.7073529 [rtabmap-8] [33m[ WARN] (2026-04-19 18:43:08.713) MsgConversion.cpp:2010::getTransform() (getting transform base_link -> rover/base_link/imu_sensor) "rover/base_link/imu_sensor" passed to lookupTransform argument source_frame does not exist.  (wait_for_transform=0.200000)[0m
1776616994.7071629 [rtabmap-8] [33m[ WARN] (2026-04-19 18:43:10.041) MsgConversion.cpp:2010::getTransform() (getting transform base_link -> rover/base_link/imu_sensor) "rover/base_link/imu_sensor" passed to lookupTransform argument source_frame does not exist.  (wait_for_transform=0.200000)[0m
1776616994.7072668 [rtabmap-8] [33m[ WARN] (2026-04-19 18:43:11.401) MsgConversion.cpp:2010::getTransform() (getting transform base_link -> rover/base_link/imu_sensor) "rover/base_link/imu_sensor" passed to lookupTransform argument source_frame does not exist.  (wait_for_transform=0.200000)[0m
1776616994.7073104 [rtabmap-8] [33m[ WARN] (2026-04-19 18:43:11.525) Rtabmap.cpp:3069::process() Rejected loop closure 18 -> 214: Not enough inliers 0/20 (matches=15) between 18 and 214[0m
1776616994.7073390 [rtabmap-8] [33m[ WARN] (2026-04-19 18:43:12.539) MsgConversion.cpp:2010::getTransform() (getting transform base_link -> rover/base_link/imu_sensor) "rover/base_link/imu_sensor" passed to lookupTransform argument source_frame does not exist.  (wait_for_transform=0.200000)[0m
1776616994.7073615 [rtabmap-8] [33m[ WARN] (2026-04-19 18:43:13.983) MsgConversion.cpp:2010::getTransform() (getting transform base_link -> rover/base_link/imu_sensor) "rover/base_link/imu_sensor" passed to lookupTransform argument source_frame does not exist.  (wait_for_transform=0.200000)[0m
1776616999.7054482 [rgbd_odometry-7] [33m[ WARN] (2026-04-19 18:43:17.784) OdometryF2M.cpp:626::computeTransform() Registration failed: "Not enough inliers 9/20 (matches=116) between -1 and 69" (guess=xyz=0.143830,-0.009629,-0.007921 rpy=0.012230,-0.048893,-0.157509)[0m
1776616999.7055757 [rgbd_odometry-7] [33m[ WARN] (2026-04-19 18:43:17.784) OdometryF2M.cpp:319::computeTransform() Failed to find a transformation with the provided guess (xyz=0.143830,-0.009629,-0.007921 rpy=0.012230,-0.048893,-0.157509), trying again without a guess.[0m
1776616999.7056117 [rgbd_odometry-7] [33m[ WARN] (2026-04-19 18:43:17.997) OdometryF2M.cpp:616::computeTransform() Trial with no guess still fail.[0m
1776616999.7056386 [rgbd_odometry-7] [33m[ WARN] (2026-04-19 18:43:17.997) OdometryF2M.cpp:626::computeTransform() Registration failed: "Not enough inliers 18/20 (matches=136) between -1 and 69" (guess=xyz=0.143830,-0.009629,-0.007921 rpy=0.012230,-0.048893,-0.157509)[0m
1776616999.7056601 [rgbd_odometry-7] [33m[ WARN] (2026-04-19 18:43:19.273) OdometryF2M.cpp:626::computeTransform() Registration failed: "Not enough inliers 7/20 (matches=107) between -1 and 8" (guess=xyz=0.131258,-0.018995,-0.002756 rpy=0.028474,0.091096,-0.261146)[0m
1776616999.7056808 [rgbd_odometry-7] [33m[ WARN] (2026-04-19 18:43:19.274) OdometryF2M.cpp:319::computeTransform() Failed to find a transformation with the provided guess (xyz=0.131258,-0.018995,-0.002756 rpy=0.028474,0.091096,-0.261146), trying again without a guess.[0m
1776616999.7056990 [rgbd_odometry-7] [33m[ WARN] (2026-04-19 18:43:19.456) OdometryF2M.cpp:636::computeTransform() Trial with no guess succeeded![0m
1776616999.7057185 [rgbd_odometry-7] [33m[ WARN] (2026-04-19 18:43:19.640) OdometryF2M.cpp:626::computeTransform() Registration failed: "Not enough inliers 13/20 (matches=137) between -1 and 9" (guess=xyz=0.143312,-0.011293,0.000249 rpy=0.010388,0.083389,-0.243142)[0m
1776616999.7057369 [rgbd_odometry-7] [33m[ WARN] (2026-04-19 18:43:19.640) OdometryF2M.cpp:319::computeTransform() Failed to find a transformation with the provided guess (xyz=0.143312,-0.011293,0.000249 rpy=0.010388,0.083389,-0.243142), trying again without a guess.[0m
1776616999.7072742 [rtabmap-8] [33m[ WARN] (2026-04-19 18:43:15.343) MsgConversion.cpp:2010::getTransform() (getting transform base_link -> rover/base_link/imu_sensor) "rover/base_link/imu_sensor" passed to lookupTransform argument source_frame does not exist.  (wait_for_transform=0.200000)[0m
1776616999.7073886 [rtabmap-8] [33m[ WARN] (2026-04-19 18:43:16.890) MsgConversion.cpp:2010::getTransform() (getting transform base_link -> rover/base_link/imu_sensor) "rover/base_link/imu_sensor" passed to lookupTransform argument source_frame does not exist.  (wait_for_transform=0.200000)[0m
1776616999.7074308 [rtabmap-8] [33m[ WARN] (2026-04-19 18:43:17.057) Rtabmap.cpp:3848::process() Rejecting all added loop closures (1, first is 218 <-> 45) in this iteration because a wrong loop closure has been detected after graph optimization, resulting in a maximum graph error ratio of 1.920652 (edge 209->210, type=0, abs error=0.147047 m, stddev=0.060610). The maximum error ratio parameter "RGBD/OptimizeMaxError" is 0.500000 of std deviation.[0m
1776616999.7074668 [rtabmap-8] [33m[ WARN] (2026-04-19 18:43:17.057) Rtabmap.cpp:3885::process() Rejecting all added loop closures (1, first is 218 <-> 45) in this iteration because a wrong loop closure has been detected after graph optimization, resulting in a maximum graph error ratio of 0.543264 (edge 112->194, type=1, abs error=1.658697 deg, stddev=0.053288). The maximum error ratio parameter "RGBD/OptimizeMaxError" is 0.500000 of std deviation.[0m
1776616999.7074957 [rtabmap-8] [33m[ WARN] (2026-04-19 18:43:17.057) Rtabmap.cpp:3923::process() Loop closure 218->45 rejected![0m
1776616999.7075238 [rtabmap-8] [33m[ WARN] (2026-04-19 18:43:18.304) MsgConversion.cpp:2010::getTransform() (getting transform base_link -> rover/base_link/imu_sensor) "rover/base_link/imu_sensor" passed to lookupTransform argument source_frame does not exist.  (wait_for_transform=0.200000)[0m
1776616999.7075493 [rtabmap-8] [33m[ WARN] (2026-04-19 18:43:19.599) MsgConversion.cpp:2010::getTransform() (getting transform base_link -> rover/base_link/imu_sensor) "rover/base_link/imu_sensor" passed to lookupTransform argument source_frame does not exist.  (wait_for_transform=0.200000)[0m
1776617004.7056258 [rgbd_odometry-7] [33m[ WARN] (2026-04-19 18:43:19.933) OdometryF2M.cpp:636::computeTransform() Trial with no guess succeeded![0m
1776617004.7057769 [rgbd_odometry-7] [33m[ WARN] (2026-04-19 18:43:20.089) OdometryF2M.cpp:626::computeTransform() Registration failed: "Not enough inliers 7/20 (matches=133) between -1 and 10" (guess=xyz=0.170973,0.009575,0.003480 rpy=-0.002842,0.046289,-0.142296)[0m
1776617004.7058480 [rgbd_odometry-7] [33m[ WARN] (2026-04-19 18:43:20.090) OdometryF2M.cpp:319::computeTransform() Failed to find a transformation with the provided guess (xyz=0.170973,0.009575,0.003480 rpy=-0.002842,0.046289,-0.142296), trying again without a guess.[0m
1776617004.7059269 [rgbd_odometry-7] [33m[ WARN] (2026-04-19 18:43:20.365) OdometryF2M.cpp:636::computeTransform() Trial with no guess succeeded![0m
1776617004.7059848 [rgbd_odometry-7] [33m[ WARN] (2026-04-19 18:43:20.508) OdometryF2M.cpp:626::computeTransform() Registration failed: "Not enough inliers 7/20 (matches=166) between -1 and 11" (guess=xyz=0.123509,0.021532,0.004715 rpy=-0.011535,0.001411,0.051856)[0m
1776617004.7060385 [rgbd_odometry-7] [33m[ WARN] (2026-04-19 18:43:20.509) OdometryF2M.cpp:319::computeTransform() Failed to find a transformation with the provided guess (xyz=0.123509,0.021532,0.004715 rpy=-0.011535,0.001411,0.051856), trying again without a guess.[0m
1776617004.7060900 [rgbd_odometry-7] [33m[ WARN] (2026-04-19 18:43:20.778) OdometryF2M.cpp:636::computeTransform() Trial with no guess succeeded![0m
1776617004.7061400 [rgbd_odometry-7] [33m[ WARN] (2026-04-19 18:43:21.064) OdometryF2M.cpp:626::computeTransform() Registration failed: "Not enough inliers 7/20 (matches=118) between -1 and 12" (guess=xyz=0.083674,0.029774,0.004309 rpy=-0.012140,-0.027148,0.200339)[0m
1776617004.7061899 [rgbd_odometry-7] [33m[ WARN] (2026-04-19 18:43:21.065) OdometryF2M.cpp:319::computeTransform() Failed to find a transformation with the provided guess (xyz=0.083674,0.029774,0.004309 rpy=-0.012140,-0.027148,0.200339), trying again without a guess.[0m
1776617004.7062390 [rgbd_odometry-7] [33m[ WARN] (2026-04-19 18:43:21.360) OdometryF2M.cpp:636::computeTransform() Trial with no guess succeeded![0m
1776617004.7062864 [rgbd_odometry-7] [33m[ WARN] (2026-04-19 18:43:21.670) OdometryF2M.cpp:626::computeTransform() Registration failed: "Not enough inliers 8/20 (matches=123) between -1 and 13" (guess=xyz=0.038762,0.022230,0.000818 rpy=-0.005286,-0.030639,0.174591)[0m
1776617004.7063334 [rgbd_odometry-7] [33m[ WARN] (2026-04-19 18:43:21.671) OdometryF2M.cpp:319::computeTransform() Failed to find a transformation with the provided guess (xyz=0.038762,0.022230,0.000818 rpy=-0.005286,-0.030639,0.174591), trying again without a guess.[0m
1776617004.7063787 [rgbd_odometry-7] [33m[ WARN] (2026-04-19 18:43:21.950) OdometryF2M.cpp:636::computeTransform() Trial with no guess succeeded![0m
1776617004.7064235 [rgbd_odometry-7] [33m[ WARN] (2026-04-19 18:43:22.067) OdometryF2M.cpp:626::computeTransform() Registration failed: "Not enough inliers 7/20 (matches=127) between -1 and 14" (guess=xyz=0.013579,0.001462,-0.001310 rpy=0.000200,-0.009414,0.014620)[0m
1776617004.7064681 [rgbd_odometry-7] [33m[ WARN] (2026-04-19 18:43:22.068) OdometryF2M.cpp:319::computeTransform() Failed to find a transformation with the provided guess (xyz=0.013579,0.001462,-0.001310 rpy=0.000200,-0.009414,0.014620), trying again without a guess.[0m
1776617004.7065122 [rgbd_odometry-7] [33m[ WARN] (2026-04-19 18:43:22.345) OdometryF2M.cpp:636::computeTransform() Trial with no guess succeeded![0m
1776617004.7072906 [rtabmap-8] [33m[ WARN] (2026-04-19 18:43:20.950) MsgConversion.cpp:2010::getTransform() (getting transform base_link -> rover/base_link/imu_sensor) "rover/base_link/imu_sensor" passed to lookupTransform argument source_frame does not exist.  (wait_for_transform=0.200000)[0m
1776617004.7073975 [rtabmap-8] [33m[ WARN] (2026-04-19 18:43:22.401) MsgConversion.cpp:2010::getTransform() (getting transform base_link -> rover/base_link/imu_sensor) "rover/base_link/imu_sensor" passed to lookupTransform argument source_frame does not exist.  (wait_for_transform=0.200000)[0m
1776617004.7074363 [rtabmap-8] [33m[ WARN] (2026-04-19 18:43:23.741) MsgConversion.cpp:2010::getTransform() (getting transform base_link -> rover/base_link/imu_sensor) "rover/base_link/imu_sensor" passed to lookupTransform argument source_frame does not exist.  (wait_for_transform=0.200000)[0m
1776617009.7057502 [rgbd_odometry-7] [33m[ WARN] (2026-04-19 18:43:28.265) OdometryF2M.cpp:626::computeTransform() Registration failed: "Not enough inliers 7/20 (matches=145) between -1 and 42" (guess=xyz=0.017568,0.000651,-0.000814 rpy=0.000119,0.000118,-0.014632)[0m
1776617009.7058992 [rgbd_odometry-7] [33m[ WARN] (2026-04-19 18:43:28.265) OdometryF2M.cpp:319::computeTransform() Failed to find a transformation with the provided guess (xyz=0.017568,0.000651,-0.000814 rpy=0.000119,0.000118,-0.014632), trying again without a guess.[0m
1776617009.7059417 [rgbd_odometry-7] [33m[ WARN] (2026-04-19 18:43:28.492) OdometryF2M.cpp:616::computeTransform() Trial with no guess still fail.[0m
1776617009.7059703 [rgbd_odometry-7] [33m[ WARN] (2026-04-19 18:43:28.492) OdometryF2M.cpp:626::computeTransform() Registration failed: "Not enough inliers 0/20 (matches=170) between -1 and 42" (guess=xyz=0.017568,0.000651,-0.000814 rpy=0.000119,0.000118,-0.014632)[0m
1776617009.7074416 [rtabmap-8] [33m[ WARN] (2026-04-19 18:43:25.102) MsgConversion.cpp:2010::getTransform() (getting transform base_link -> rover/base_link/imu_sensor) "rover/base_link/imu_sensor" passed to lookupTransform argument source_frame does not exist.  (wait_for_transform=0.200000)[0m
1776617009.7075260 [rtabmap-8] [33m[ WARN] (2026-04-19 18:43:26.479) MsgConversion.cpp:2010::getTransform() (getting transform base_link -> rover/base_link/imu_sensor) "rover/base_link/imu_sensor" passed to lookupTransform argument source_frame does not exist.  (wait_for_transform=0.200000)[0m
1776617009.7075737 [rtabmap-8] [33m[ WARN] (2026-04-19 18:43:27.902) MsgConversion.cpp:2010::getTransform() (getting transform base_link -> rover/base_link/imu_sensor) "rover/base_link/imu_sensor" passed to lookupTransform argument source_frame does not exist.  (wait_for_transform=0.200000)[0m
1776617009.7076149 [rtabmap-8] [33m[ WARN] (2026-04-19 18:43:29.133) MsgConversion.cpp:2010::getTransform() (getting transform base_link -> rover/base_link/imu_sensor) "rover/base_link/imu_sensor" passed to lookupTransform argument source_frame does not exist.  (wait_for_transform=0.200000)[0m
1776617014.7077007 [rtabmap-8] [33m[ WARN] (2026-04-19 18:43:30.601) MsgConversion.cpp:2010::getTransform() (getting transform base_link -> rover/base_link/imu_sensor) "rover/base_link/imu_sensor" passed to lookupTransform argument source_frame does not exist.  (wait_for_transform=0.200000)[0m
1776617014.7078800 [rtabmap-8] [33m[ WARN] (2026-04-19 18:43:31.942) MsgConversion.cpp:2010::getTransform() (getting transform base_link -> rover/base_link/imu_sensor) "rover/base_link/imu_sensor" passed to lookupTransform argument source_frame does not exist.  (wait_for_transform=0.200000)[0m
1776617014.7079694 [rtabmap-8] [33m[ WARN] (2026-04-19 18:43:33.041) MsgConversion.cpp:2010::getTransform() (getting transform base_link -> rover/base_link/imu_sensor) "rover/base_link/imu_sensor" passed to lookupTransform argument source_frame does not exist.  (wait_for_transform=0.200000)[0m
1776617014.7080081 [rtabmap-8] [33m[ WARN] (2026-04-19 18:43:34.262) MsgConversion.cpp:2010::getTransform() (getting transform base_link -> rover/base_link/imu_sensor) "rover/base_link/imu_sensor" passed to lookupTransform argument source_frame does not exist.  (wait_for_transform=0.200000)[0m
1776617019.7058644 [rgbd_odometry-7] [33m[ WARN] (2026-04-19 18:43:36.742) OdometryF2M.cpp:626::computeTransform() Registration failed: "Not enough inliers 9/20 (matches=101) between -1 and 46" (guess=xyz=0.129882,-0.002189,0.003408 rpy=-0.003790,-0.005362,-0.160007)[0m
1776617019.7060418 [rgbd_odometry-7] [33m[ WARN] (2026-04-19 18:43:36.742) OdometryF2M.cpp:319::computeTransform() Failed to find a transformation with the provided guess (xyz=0.129882,-0.002189,0.003408 rpy=-0.003790,-0.005362,-0.160007), trying again without a guess.[0m
1776617019.7061086 [rgbd_odometry-7] [33m[ WARN] (2026-04-19 18:43:36.939) OdometryF2M.cpp:616::computeTransform() Trial with no guess still fail.[0m
1776617019.7061656 [rgbd_odometry-7] [33m[ WARN] (2026-04-19 18:43:36.939) OdometryF2M.cpp:626::computeTransform() Registration failed: "Not enough inliers 0/20 (matches=71) between -1 and 46" (guess=xyz=0.129882,-0.002189,0.003408 rpy=-0.003790,-0.005362,-0.160007)[0m
1776617019.7062178 [rgbd_odometry-7] [33m[ WARN] (2026-04-19 18:43:37.255) OdometryF2M.cpp:626::computeTransform() Registration failed: "Not enough inliers 15/20 (matches=29) between -1 and 3" (guess=xyz=0.074243,-0.005565,-0.000396 rpy=0.009114,0.001655,-0.080496)[0m
1776617019.7062669 [rgbd_odometry-7] [33m[ WARN] (2026-04-19 18:43:37.256) OdometryF2M.cpp:319::computeTransform() Failed to find a transformation with the provided guess (xyz=0.074243,-0.005565,-0.000396 rpy=0.009114,0.001655,-0.080496), trying again without a guess.[0m
1776617019.7063146 [rgbd_odometry-7] [33m[ WARN] (2026-04-19 18:43:37.296) OdometryF2M.cpp:616::computeTransform() Trial with no guess still fail.[0m
1776617019.7063606 [rgbd_odometry-7] [33m[ WARN] (2026-04-19 18:43:37.296) OdometryF2M.cpp:626::computeTransform() Registration failed: "Not enough inliers 0/20 (matches=52) between -1 and 3" (guess=xyz=0.074243,-0.005565,-0.000396 rpy=0.009114,0.001655,-0.080496)[0m
1776617019.7064056 [rgbd_odometry-7] [33m[ WARN] (2026-04-19 18:43:38.420) OdometryF2M.cpp:626::computeTransform() Registration failed: "Not enough inliers 0/20 (matches=27) between -1 and 8" (guess=xyz=0.122851,-0.027942,-0.007070 rpy=-0.022985,-0.021256,-0.136825)[0m
1776617019.7064519 [rgbd_odometry-7] [33m[ WARN] (2026-04-19 18:43:38.420) OdometryF2M.cpp:319::computeTransform() Failed to find a transformation with the provided guess (xyz=0.122851,-0.027942,-0.007070 rpy=-0.022985,-0.021256,-0.136825), trying again without a guess.[0m
1776617019.7064965 [rgbd_odometry-7] [33m[ WARN] (2026-04-19 18:43:38.499) OdometryF2M.cpp:616::computeTransform() Trial with no guess still fail.[0m
1776617019.7065403 [rgbd_odometry-7] [33m[ WARN] (2026-04-19 18:43:38.499) OdometryF2M.cpp:626::computeTransform() Registration failed: "Not enough inliers 0/20 (matches=50) between -1 and 8" (guess=xyz=0.122851,-0.027942,-0.007070 rpy=-0.022985,-0.021256,-0.136825)[0m
1776617019.7075648 [rtabmap-8] [33m[ WARN] (2026-04-19 18:43:35.485) MsgConversion.cpp:2010::getTransform() (getting transform base_link -> rover/base_link/imu_sensor) "rover/base_link/imu_sensor" passed to lookupTransform argument source_frame does not exist.  (wait_for_transform=0.200000)[0m
1776617019.7076571 [rtabmap-8] [33m[ WARN] (2026-04-19 18:43:36.937) MsgConversion.cpp:2010::getTransform() (getting transform base_link -> rover/base_link/imu_sensor) "rover/base_link/imu_sensor" passed to lookupTransform argument source_frame does not exist.  (wait_for_transform=0.200000)[0m
1776617019.7076907 [rtabmap-8] [33m[ WARN] (2026-04-19 18:43:38.148) MsgConversion.cpp:2010::getTransform() (getting transform base_link -> rover/base_link/imu_sensor) "rover/base_link/imu_sensor" passed to lookupTransform argument source_frame does not exist.  (wait_for_transform=0.200000)[0m
1776617019.7077148 [rtabmap-8] [33m[ WARN] (2026-04-19 18:43:39.451) MsgConversion.cpp:2010::getTransform() (getting transform base_link -> rover/base_link/imu_sensor) "rover/base_link/imu_sensor" passed to lookupTransform argument source_frame does not exist.  (wait_for_transform=0.200000)[0m
1776617023.7139633 [rgbd_odometry-7] [33m[ WARN] (2026-04-19 18:43:39.965) OdometryF2M.cpp:626::computeTransform() Registration failed: "Not enough inliers 0/20 (matches=42) between -1 and 19" (guess=xyz=0.063474,-0.033081,-0.011326 rpy=0.034096,-0.025937,-0.057002)[0m
1776617023.7140932 [rgbd_odometry-7] [33m[ WARN] (2026-04-19 18:43:39.965) OdometryF2M.cpp:319::computeTransform() Failed to find a transformation with the provided guess (xyz=0.063474,-0.033081,-0.011326 rpy=0.034096,-0.025937,-0.057002), trying again without a guess.[0m
1776617023.7141299 [rgbd_odometry-7] [33m[ WARN] (2026-04-19 18:43:40.009) OdometryF2M.cpp:616::computeTransform() Trial with no guess still fail.[0m
1776617023.7141576 [rgbd_odometry-7] [33m[ WARN] (2026-04-19 18:43:40.009) OdometryF2M.cpp:626::computeTransform() Registration failed: "Not enough inliers 0/20 (matches=17) between -1 and 19" (guess=xyz=0.063474,-0.033081,-0.011326 rpy=0.034096,-0.025937,-0.057002)[0m
1776617023.7141807 [rgbd_odometry-7] [33m[ WARN] (2026-04-19 18:43:40.480) OdometryF2M.cpp:626::computeTransform() Registration failed: "Not enough inliers 0/20 (matches=45) between -1 and 4" (guess=xyz=0.036439,0.005270,0.006127 rpy=-0.012905,0.000710,0.109100)[0m
1776617023.7142034 [rgbd_odometry-7] [33m[ WARN] (2026-04-19 18:43:40.480) OdometryF2M.cpp:319::computeTransform() Failed to find a transformation with the provided guess (xyz=0.036439,0.005270,0.006127 rpy=-0.012905,0.000710,0.109100), trying again without a guess.[0m
1776617023.7142234 [rgbd_odometry-7] [33m[ WARN] (2026-04-19 18:43:40.491) OdometryF2M.cpp:616::computeTransform() Trial with no guess still fail.[0m
1776617023.7142437 [rgbd_odometry-7] [33m[ WARN] (2026-04-19 18:43:40.491) OdometryF2M.cpp:626::computeTransform() Registration failed: "Not enough inliers 0/20 (matches=13) between -1 and 4" (guess=xyz=0.036439,0.005270,0.006127 rpy=-0.012905,0.000710,0.109100)[0m
1776617023.7142625 [rgbd_odometry-7] [33m[ WARN] (2026-04-19 18:43:40.767) OdometryF2M.cpp:622::computeTransform() Registration failed: "Not enough inliers 14/20 (matches=25) between -1 and 2"[0m
1776617023.7142825 [rgbd_odometry-7] [33m[ WARN] (2026-04-19 18:43:41.500) OdometryF2M.cpp:626::computeTransform() Registration failed: "Not enough inliers 0/20 (matches=52) between -1 and 8" (guess=xyz=0.054291,0.005255,0.005752 rpy=-0.016127,0.007405,0.022419)[0m
1776617023.7143013 [rgbd_odometry-7] [33m[ WARN] (2026-04-19 18:43:41.501) OdometryF2M.cpp:319::computeTransform() Failed to find a transformation with the provided guess (xyz=0.054291,0.005255,0.005752 rpy=-0.016127,0.007405,0.022419), trying again without a guess.[0m
1776617023.7143199 [rgbd_odometry-7] [33m[ WARN] (2026-04-19 18:43:41.537) OdometryF2M.cpp:636::computeTransform() Trial with no guess succeeded![0m
1776617023.7143395 [rgbd_odometry-7] [33m[ WARN] (2026-04-19 18:43:42.045) OdometryF2M.cpp:626::computeTransform() Registration failed: "Not enough inliers 0/20 (matches=33) between -1 and 11" (guess=xyz=0.013067,-0.009445,-0.013605 rpy=0.008951,0.003379,-0.222649)[0m
1776617023.7143586 [rgbd_odometry-7] [33m[ WARN] (2026-04-19 18:43:42.045) OdometryF2M.cpp:319::computeTransform() Failed to find a transformation with the provided guess (xyz=0.013067,-0.009445,-0.013605 rpy=0.008951,0.003379,-0.222649), trying again without a guess.[0m
1776617023.7143774 [rgbd_odometry-7] [33m[ WARN] (2026-04-19 18:43:42.081) OdometryF2M.cpp:616::computeTransform() Trial with no guess still fail.[0m
1776617023.7143962 [rgbd_odometry-7] [33m[ WARN] (2026-04-19 18:43:42.081) OdometryF2M.cpp:626::computeTransform() Registration failed: "Not enough inliers 16/20 (matches=29) between -1 and 11" (guess=xyz=0.013067,-0.009445,-0.013605 rpy=0.008951,0.003379,-0.222649)[0m
1776617023.7144146 [rgbd_odometry-7] [33m[ WARN] (2026-04-19 18:43:43.583) OdometryF2M.cpp:626::computeTransform() Registration failed: "Not enough inliers 0/20 (matches=71) between -1 and 16" (guess=xyz=0.062777,0.006304,-0.005909 rpy=-0.001920,-0.011087,0.056368)[0m
1776617023.7144349 [rgbd_odometry-7] [33m[ WARN] (2026-04-19 18:43:43.583) OdometryF2M.cpp:319::computeTransform() Failed to find a transformation with the provided guess (xyz=0.062777,0.006304,-0.005909 rpy=-0.001920,-0.011087,0.056368), trying again without a guess.[0m
1776617023.7144694 [rgbd_odometry-7] [33m[ WARN] (2026-04-19 18:43:43.663) OdometryF2M.cpp:636::computeTransform() Trial with no guess succeeded![0m
1776617023.7144966 [rgbd_odometry-7] [33m[ WARN] (2026-04-19 18:43:43.713) OdometryF2M.cpp:626::computeTransform() Registration failed: "Not enough inliers 0/20 (matches=54) between -1 and 17" (guess=xyz=0.042334,0.003260,-0.003117 rpy=-0.003834,-0.006841,-0.009280)[0m
1776617024.7060208 [rgbd_odometry-7] [33m[ WARN] (2026-04-19 18:43:43.713) OdometryF2M.cpp:319::computeTransform() Failed to find a transformation with the provided guess (xyz=0.042334,0.003260,-0.003117 rpy=-0.003834,-0.006841,-0.009280), trying again without a guess.[0m
1776617024.7061765 [rgbd_odometry-7] [33m[ WARN] (2026-04-19 18:43:43.780) OdometryF2M.cpp:616::computeTransform() Trial with no guess still fail.[0m
1776617024.7062423 [rgbd_odometry-7] [33m[ WARN] (2026-04-19 18:43:43.780) OdometryF2M.cpp:626::computeTransform() Registration failed: "Not enough inliers 6/20 (matches=48) between -1 and 17" (guess=xyz=0.042334,0.003260,-0.003117 rpy=-0.003834,-0.006841,-0.009280)[0m
1776617024.7076726 [rtabmap-8] [33m[ WARN] (2026-04-19 18:43:40.827) MsgConversion.cpp:2010::getTransform() (getting transform base_link -> rover/base_link/imu_sensor) "rover/base_link/imu_sensor" passed to lookupTransform argument source_frame does not exist.  (wait_for_transform=0.200000)[0m
1776617024.7077625 [rtabmap-8] [33m[ WARN] (2026-04-19 18:43:40.895) Memory.cpp:3217::computeTransform() Missing visual features or missing raw data to compute them. Transform cannot be estimated.[0m
1776617024.7077966 [rtabmap-8] [33m[ WARN] (2026-04-19 18:43:42.173) MsgConversion.cpp:2010::getTransform() (getting transform base_link -> rover/base_link/imu_sensor) "rover/base_link/imu_sensor" passed to lookupTransform argument source_frame does not exist.  (wait_for_transform=0.200000)[0m
1776617024.7078230 [rtabmap-8] [33m[ WARN] (2026-04-19 18:43:42.236) Memory.cpp:3217::computeTransform() Missing visual features or missing raw data to compute them. Transform cannot be estimated.[0m
1776617024.7078459 [rtabmap-8] [33m[ WARN] (2026-04-19 18:43:43.470) MsgConversion.cpp:2010::getTransform() (getting transform base_link -> rover/base_link/imu_sensor) "rover/base_link/imu_sensor" passed to lookupTransform argument source_frame does not exist.  (wait_for_transform=0.200000)[0m
1776617029.7060385 [rgbd_odometry-7] [33m[ WARN] (2026-04-19 18:43:45.098) OdometryF2M.cpp:626::computeTransform() Registration failed: "Not enough inliers 11/20 (matches=57) between -1 and 18" (guess=xyz=0.060467,-0.008534,-0.000166 rpy=0.039217,0.050899,-0.069727)[0m
1776617029.7061536 [rgbd_odometry-7] [33m[ WARN] (2026-04-19 18:43:45.099) OdometryF2M.cpp:319::computeTransform() Failed to find a transformation with the provided guess (xyz=0.060467,-0.008534,-0.000166 rpy=0.039217,0.050899,-0.069727), trying again without a guess.[0m
1776617029.7061877 [rgbd_odometry-7] [33m[ WARN] (2026-04-19 18:43:45.165) OdometryF2M.cpp:616::computeTransform() Trial with no guess still fail.[0m
1776617029.7062209 [rgbd_odometry-7] [33m[ WARN] (2026-04-19 18:43:45.165) OdometryF2M.cpp:626::computeTransform() Registration failed: "Not enough inliers 0/20 (matches=21) between -1 and 18" (guess=xyz=0.060467,-0.008534,-0.000166 rpy=0.039217,0.050899,-0.069727)[0m
1776617029.7062421 [rgbd_odometry-7] [33m[ WARN] (2026-04-19 18:43:46.770) OdometryF2M.cpp:626::computeTransform() Registration failed: "Not enough inliers 6/20 (matches=95) between -1 and 18" (guess=xyz=-0.035516,-0.034542,-0.014702 rpy=0.084434,-0.095367,-0.036483)[0m
1776617029.7062657 [rgbd_odometry-7] [33m[ WARN] (2026-04-19 18:43:46.770) OdometryF2M.cpp:319::computeTransform() Failed to find a transformation with the provided guess (xyz=-0.035516,-0.034542,-0.014702 rpy=0.084434,-0.095367,-0.036483), trying again without a guess.[0m
1776617029.7062955 [rgbd_odometry-7] [33m[ WARN] (2026-04-19 18:43:46.887) OdometryF2M.cpp:616::computeTransform() Trial with no guess still fail.[0m
1776617029.7063146 [rgbd_odometry-7] [33m[ WARN] (2026-04-19 18:43:46.887) OdometryF2M.cpp:626::computeTransform() Registration failed: "Not enough inliers 0/20 (matches=24) between -1 and 18" (guess=xyz=-0.035516,-0.034542,-0.014702 rpy=0.084434,-0.095367,-0.036483)[0m
1776617029.7063322 [rgbd_odometry-7] [33m[ WARN] (2026-04-19 18:43:47.729) OdometryF2M.cpp:626::computeTransform() Registration failed: "Not enough inliers 18/20 (matches=57) between -1 and 5" (guess=xyz=0.086863,-0.013347,-0.005821 rpy=0.032879,0.034253,-0.096916)[0m
1776617029.7063498 [rgbd_odometry-7] [33m[ WARN] (2026-04-19 18:43:47.729) OdometryF2M.cpp:319::computeTransform() Failed to find a transformation with the provided guess (xyz=0.086863,-0.013347,-0.005821 rpy=0.032879,0.034253,-0.096916), trying again without a guess.[0m
1776617029.7063673 [rgbd_odometry-7] [33m[ WARN] (2026-04-19 18:43:47.791) OdometryF2M.cpp:616::computeTransform() Trial with no guess still fail.[0m
1776617029.7063851 [rgbd_odometry-7] [33m[ WARN] (2026-04-19 18:43:47.791) OdometryF2M.cpp:626::computeTransform() Registration failed: "Not enough inliers 0/20 (matches=90) between -1 and 5" (guess=xyz=0.086863,-0.013347,-0.005821 rpy=0.032879,0.034253,-0.096916)[0m
1776617029.7076952 [rtabmap-8] [33m[ WARN] (2026-04-19 18:43:44.791) MsgConversion.cpp:2010::getTransform() (getting transform base_link -> rover/base_link/imu_sensor) "rover/base_link/imu_sensor" passed to lookupTransform argument source_frame does not exist.  (wait_for_transform=0.200000)[0m
1776617029.7077467 [rtabmap-8] [33m[ WARN] (2026-04-19 18:43:46.111) Rtabmap.cpp:3885::process() Rejecting all added loop closures (1, first is 239 <-> 211) in this iteration because a wrong loop closure has been detected after graph optimization, resulting in a maximum graph error ratio of 0.515729 (edge 112->113, type=0, abs error=32.450937 deg, stddev=0.134350). The maximum error ratio parameter "RGBD/OptimizeMaxError" is 0.500000 of std deviation.[0m
1776617029.7077804 [rtabmap-8] [33m[ WARN] (2026-04-19 18:43:46.111) Rtabmap.cpp:3923::process() Loop closure 239->211 rejected![0m
1776617029.7078049 [rtabmap-8] [33m[ WARN] (2026-04-19 18:43:46.488) MsgConversion.cpp:2010::getTransform() (getting transform base_link -> rover/base_link/imu_sensor) "rover/base_link/imu_sensor" passed to lookupTransform argument source_frame does not exist.  (wait_for_transform=0.200000)[0m
1776617029.7078314 [rtabmap-8] [33m[ WARN] (2026-04-19 18:43:46.655) Rtabmap.cpp:3069::process() Rejected loop closure 211 -> 240: Not enough inliers 0/20 (matches=20) between 211 and 240[0m
1776617029.7078609 [rtabmap-8] [33m[ WARN] (2026-04-19 18:43:47.850) MsgConversion.cpp:2010::getTransform() (getting transform base_link -> rover/base_link/imu_sensor) "rover/base_link/imu_sensor" passed to lookupTransform argument source_frame does not exist.  (wait_for_transform=0.200000)[0m
1776617029.7078965 [rtabmap-8] [33m[ WARN] (2026-04-19 18:43:49.309) MsgConversion.cpp:2010::getTransform() (getting transform base_link -> rover/base_link/imu_sensor) "rover/base_link/imu_sensor" passed to lookupTransform argument source_frame does not exist.  (wait_for_transform=0.200000)[0m
1776617034.7079074 [rtabmap-8] [33m[ WARN] (2026-04-19 18:43:50.595) MsgConversion.cpp:2010::getTransform() (getting transform base_link -> rover/base_link/imu_sensor) "rover/base_link/imu_sensor" passed to lookupTransform argument source_frame does not exist.  (wait_for_transform=0.200000)[0m
1776617034.7080109 [rtabmap-8] [33m[ WARN] (2026-04-19 18:43:51.903) MsgConversion.cpp:2010::getTransform() (getting transform base_link -> rover/base_link/imu_sensor) "rover/base_link/imu_sensor" passed to lookupTransform argument source_frame does not exist.  (wait_for_transform=0.200000)[0m
1776617034.7080479 [rtabmap-8] [33m[ WARN] (2026-04-19 18:43:53.275) MsgConversion.cpp:2010::getTransform() (getting transform base_link -> rover/base_link/imu_sensor) "rover/base_link/imu_sensor" passed to lookupTransform argument source_frame does not exist.  (wait_for_transform=0.200000)[0m
1776617034.7080891 [rtabmap-8] [33m[ WARN] (2026-04-19 18:43:54.626) MsgConversion.cpp:2010::getTransform() (getting transform base_link -> rover/base_link/imu_sensor) "rover/base_link/imu_sensor" passed to lookupTransform argument source_frame does not exist.  (wait_for_transform=0.200000)[0m
1776617039.7062285 [rgbd_odometry-7] [33m[ WARN] (2026-04-19 18:43:58.226) OdometryF2M.cpp:626::computeTransform() Registration failed: "Not enough inliers 7/20 (matches=94) between -1 and 64" (guess=xyz=0.193497,0.009340,0.006493 rpy=0.010902,0.010347,-0.078343)[0m
1776617039.7063820 [rgbd_odometry-7] [33m[ WARN] (2026-04-19 18:43:58.226) OdometryF2M.cpp:319::computeTransform() Failed to find a transformation with the provided guess (xyz=0.193497,0.009340,0.006493 rpy=0.010902,0.010347,-0.078343), trying again without a guess.[0m
1776617039.7064476 [rgbd_odometry-7] [33m[ WARN] (2026-04-19 18:43:58.506) OdometryF2M.cpp:636::computeTransform() Trial with no guess succeeded![0m
1776617039.7065053 [rgbd_odometry-7] [33m[ WARN] (2026-04-19 18:43:58.685) OdometryF2M.cpp:626::computeTransform() Registration failed: "Not enough inliers 6/20 (matches=105) between -1 and 65" (guess=xyz=0.202495,0.009835,0.007886 rpy=0.002312,-0.010122,-0.024494)[0m
1776617039.7065592 [rgbd_odometry-7] [33m[ WARN] (2026-04-19 18:43:58.685) OdometryF2M.cpp:319::computeTransform() Failed to find a transformation with the provided guess (xyz=0.202495,0.009835,0.007886 rpy=0.002312,-0.010122,-0.024494), trying again without a guess.[0m
1776617039.7066107 [rgbd_odometry-7] [33m[ WARN] (2026-04-19 18:43:58.955) OdometryF2M.cpp:636::computeTransform() Trial with no guess succeeded![0m
1776617039.7066596 [rgbd_odometry-7] [33m[ WARN] (2026-04-19 18:43:59.145) OdometryF2M.cpp:626::computeTransform() Registration failed: "Not enough inliers 16/20 (matches=177) between -1 and 66" (guess=xyz=0.137837,0.009337,0.005272 rpy=-0.006269,-0.018526,0.071801)[0m
1776617039.7067072 [rgbd_odometry-7] [33m[ WARN] (2026-04-19 18:43:59.146) OdometryF2M.cpp:319::computeTransform() Failed to find a transformation with the provided guess (xyz=0.137837,0.009337,0.005272 rpy=-0.006269,-0.018526,0.071801), trying again without a guess.[0m
1776617039.7067537 [rgbd_odometry-7] [33m[ WARN] (2026-04-19 18:43:59.423) OdometryF2M.cpp:636::computeTransform() Trial with no guess succeeded![0m
1776617039.7078989 [rtabmap-8] [33m[ WARN] (2026-04-19 18:43:56.068) MsgConversion.cpp:2010::getTransform() (getting transform base_link -> rover/base_link/imu_sensor) "rover/base_link/imu_sensor" passed to lookupTransform argument source_frame does not exist.  (wait_for_transform=0.200000)[0m
1776617039.7079825 [rtabmap-8] [33m[ WARN] (2026-04-19 18:43:57.346) MsgConversion.cpp:2010::getTransform() (getting transform base_link -> rover/base_link/imu_sensor) "rover/base_link/imu_sensor" passed to lookupTransform argument source_frame does not exist.  (wait_for_transform=0.200000)[0m
1776617039.7080181 [rtabmap-8] [33m[ WARN] (2026-04-19 18:43:57.542) Rtabmap.cpp:3885::process() Rejecting all added loop closures (1, first is 248 <-> 220) in this iteration because a wrong loop closure has been detected after graph optimization, resulting in a maximum graph error ratio of 0.515729 (edge 112->113, type=0, abs error=32.450922 deg, stddev=0.134350). The maximum error ratio parameter "RGBD/OptimizeMaxError" is 0.500000 of std deviation.[0m
1776617039.7080529 [rtabmap-8] [33m[ WARN] (2026-04-19 18:43:57.542) Rtabmap.cpp:3923::process() Loop closure 248->220 rejected![0m
1776617039.7080824 [rtabmap-8] [33m[ WARN] (2026-04-19 18:43:58.921) MsgConversion.cpp:2010::getTransform() (getting transform base_link -> rover/base_link/imu_sensor) "rover/base_link/imu_sensor" passed to lookupTransform argument source_frame does not exist.  (wait_for_transform=0.200000)[0m
1776617044.7080605 [rtabmap-8] [33m[ WARN] (2026-04-19 18:44:00.484) MsgConversion.cpp:2010::getTransform() (getting transform base_link -> rover/base_link/imu_sensor) "rover/base_link/imu_sensor" passed to lookupTransform argument source_frame does not exist.  (wait_for_transform=0.200000)[0m
1776617044.7081625 [rtabmap-8] [33m[ WARN] (2026-04-19 18:44:01.577) MsgConversion.cpp:2010::getTransform() (getting transform base_link -> rover/base_link/imu_sensor) "rover/base_link/imu_sensor" passed to lookupTransform argument source_frame does not exist.  (wait_for_transform=0.200000)[0m
1776617044.7081950 [rtabmap-8] [33m[ WARN] (2026-04-19 18:44:03.044) MsgConversion.cpp:2010::getTransform() (getting transform base_link -> rover/base_link/imu_sensor) "rover/base_link/imu_sensor" passed to lookupTransform argument source_frame does not exist.  (wait_for_transform=0.200000)[0m
1776617044.7082193 [rtabmap-8] [33m[ WARN] (2026-04-19 18:44:04.577) MsgConversion.cpp:2010::getTransform() (getting transform base_link -> rover/base_link/imu_sensor) "rover/base_link/imu_sensor" passed to lookupTransform argument source_frame does not exist.  (wait_for_transform=0.200000)[0m
1776617049.7064116 [rgbd_odometry-7] [33m[ WARN] (2026-04-19 18:44:05.243) OdometryF2M.cpp:626::computeTransform() Registration failed: "Not enough inliers 10/20 (matches=182) between -1 and 99" (guess=xyz=-0.017689,-0.003803,-0.001972 rpy=0.015597,-0.019512,-0.005236)[0m
1776617049.7065735 [rgbd_odometry-7] [33m[ WARN] (2026-04-19 18:44:05.243) OdometryF2M.cpp:319::computeTransform() Failed to find a transformation with the provided guess (xyz=-0.017689,-0.003803,-0.001972 rpy=0.015597,-0.019512,-0.005236), trying again without a guess.[0m
1776617049.7066433 [rgbd_odometry-7] [33m[ WARN] (2026-04-19 18:44:05.540) OdometryF2M.cpp:636::computeTransform() Trial with no guess succeeded![0m
1776617049.7067034 [rgbd_odometry-7] [33m[ WARN] (2026-04-19 18:44:05.689) OdometryF2M.cpp:626::computeTransform() Registration failed: "Not enough inliers 10/20 (matches=170) between -1 and 100" (guess=xyz=0.000136,-0.005054,-0.003184 rpy=0.025100,-0.031989,0.069593)[0m
1776617049.7067597 [rgbd_odometry-7] [33m[ WARN] (2026-04-19 18:44:05.689) OdometryF2M.cpp:319::computeTransform() Failed to find a transformation with the provided guess (xyz=0.000136,-0.005054,-0.003184 rpy=0.025100,-0.031989,0.069593), trying again without a guess.[0m
1776617049.7068124 [rgbd_odometry-7] [33m[ WARN] (2026-04-19 18:44:05.947) OdometryF2M.cpp:616::computeTransform() Trial with no guess still fail.[0m
1776617049.7068646 [rgbd_odometry-7] [33m[ WARN] (2026-04-19 18:44:05.948) OdometryF2M.cpp:626::computeTransform() Registration failed: "Not enough inliers 0/20 (matches=171) between -1 and 100" (guess=xyz=0.000136,-0.005054,-0.003184 rpy=0.025100,-0.031989,0.069593)[0m
1776617049.7069318 [rgbd_odometry-7] [33m[ WARN] (2026-04-19 18:44:07.107) OdometryF2M.cpp:626::computeTransform() Registration failed: "Not enough inliers 9/20 (matches=165) between -1 and 7" (guess=xyz=0.052072,0.003989,-0.008939 rpy=-0.026706,0.091768,0.038398)[0m
1776617049.7069814 [rgbd_odometry-7] [33m[ WARN] (2026-04-19 18:44:07.107) OdometryF2M.cpp:319::computeTransform() Failed to find a transformation with the provided guess (xyz=0.052072,0.003989,-0.008939 rpy=-0.026706,0.091768,0.038398), trying again without a guess.[0m
1776617049.7070301 [rgbd_odometry-7] [33m[ WARN] (2026-04-19 18:44:07.340) OdometryF2M.cpp:636::computeTransform() Trial with no guess succeeded![0m
1776617049.7070768 [rgbd_odometry-7] [33m[ WARN] (2026-04-19 18:44:07.552) OdometryF2M.cpp:626::computeTransform() Registration failed: "Not enough inliers 10/20 (matches=177) between -1 and 8" (guess=xyz=0.147562,0.009071,-0.010313 rpy=-0.051574,0.118749,0.153517)[0m
1776617049.7071235 [rgbd_odometry-7] [33m[ WARN] (2026-04-19 18:44:07.552) OdometryF2M.cpp:319::computeTransform() Failed to find a transformation with the provided guess (xyz=0.147562,0.009071,-0.010313 rpy=-0.051574,0.118749,0.153517), trying again without a guess.[0m
1776617049.7071877 [rgbd_odometry-7] [33m[ WARN] (2026-04-19 18:44:07.881) OdometryF2M.cpp:636::computeTransform() Trial with no guess succeeded![0m
1776617049.7072365 [rgbd_odometry-7] [33m[ WARN] (2026-04-19 18:44:08.608) OdometryF2M.cpp:626::computeTransform() Registration failed: "Not enough inliers 14/20 (matches=123) between -1 and 13" (guess=xyz=0.070448,0.002183,0.007274 rpy=0.004619,-0.070835,0.100495)[0m
1776617049.7072830 [rgbd_odometry-7] [33m[ WARN] (2026-04-19 18:44:08.609) OdometryF2M.cpp:319::computeTransform() Failed to find a transformation with the provided guess (xyz=0.070448,0.002183,0.007274 rpy=0.004619,-0.070835,0.100495), trying again without a guess.[0m
1776617049.7073281 [rgbd_odometry-7] [33m[ WARN] (2026-04-19 18:44:08.924) OdometryF2M.cpp:636::computeTransform() Trial with no guess succeeded![0m
1776617049.7073731 [rgbd_odometry-7] [33m[ WARN] (2026-04-19 18:44:09.005) OdometryF2M.cpp:626::computeTransform() Registration failed: "Not enough inliers 0/20 (matches=53) between -1 and 14" (guess=xyz=0.107769,0.001987,0.010303 rpy=0.015222,-0.134726,0.161708)[0m
1776617049.7074182 [rgbd_odometry-7] [33m[ WARN] (2026-04-19 18:44:09.006) OdometryF2M.cpp:319::computeTransform() Failed to find a transformation with the provided guess (xyz=0.107769,0.001987,0.010303 rpy=0.015222,-0.134726,0.161708), trying again without a guess.[0m
1776617049.7074623 [rgbd_odometry-7] [33m[ WARN] (2026-04-19 18:44:09.234) OdometryF2M.cpp:616::computeTransform() Trial with no guess still fail.[0m
1776617049.7075093 [rgbd_odometry-7] [33m[ WARN] (2026-04-19 18:44:09.234) OdometryF2M.cpp:626::computeTransform() Registration failed: "Not enough inliers 8/20 (matches=146) between -1 and 14" (guess=xyz=0.107769,0.001987,0.010303 rpy=0.015222,-0.134726,0.161708)[0m
1776617049.7081506 [rtabmap-8] [33m[ WARN] (2026-04-19 18:44:05.881) MsgConversion.cpp:2010::getTransform() (getting transform base_link -> rover/base_link/imu_sensor) "rover/base_link/imu_sensor" passed to lookupTransform argument source_frame does not exist.  (wait_for_transform=0.200000)[0m
1776617049.7082691 [rtabmap-8] [33m[ WARN] (2026-04-19 18:44:07.294) MsgConversion.cpp:2010::getTransform() (getting transform base_link -> rover/base_link/imu_sensor) "rover/base_link/imu_sensor" passed to lookupTransform argument source_frame does not exist.  (wait_for_transform=0.200000)[0m
1776617049.7083144 [rtabmap-8] [33m[ WARN] (2026-04-19 18:44:07.495) Rtabmap.cpp:3885::process() Rejecting all added loop closures (1, first is 255 <-> 41) in this iteration because a wrong loop closure has been detected after graph optimization, resulting in a maximum graph error ratio of 0.505358 (edge 112->113, type=0, abs error=31.798328 deg, stddev=0.134350). The maximum error ratio parameter "RGBD/OptimizeMaxError" is 0.500000 of std deviation.[0m
1776617049.7083426 [rtabmap-8] [33m[ WARN] (2026-04-19 18:44:07.495) Rtabmap.cpp:3923::process() Loop closure 255->41 rejected![0m
1776617049.7083673 [rtabmap-8] [33m[ WARN] (2026-04-19 18:44:08.386) MsgConversion.cpp:2010::getTransform() (getting transform base_link -> rover/base_link/imu_sensor) "rover/base_link/imu_sensor" passed to lookupTransform argument source_frame does not exist.  (wait_for_transform=0.200000)[0m
1776617049.7083886 [rtabmap-8] [33m[ WARN] (2026-04-19 18:44:08.586) Rtabmap.cpp:3885::process() Rejecting all added loop closures (1, first is 256 <-> 201) in this iteration because a wrong loop closure has been detected after graph optimization, resulting in a maximum graph error ratio of 0.515729 (edge 112->113, type=0, abs error=32.450915 deg, stddev=0.134350). The maximum error ratio parameter "RGBD/OptimizeMaxError" is 0.500000 of std deviation.[0m
1776617049.7084081 [rtabmap-8] [33m[ WARN] (2026-04-19 18:44:08.586) Rtabmap.cpp:3923::process() Loop closure 256->201 rejected![0m
1776617049.7084274 [rtabmap-8] [33m[ WARN] (2026-04-19 18:44:09.508) MsgConversion.cpp:2010::getTransform() (getting transform base_link -> rover/base_link/imu_sensor) "rover/base_link/imu_sensor" passed to lookupTransform argument source_frame does not exist.  (wait_for_transform=0.200000)[0m
1776617054.7068174 [rgbd_odometry-7] [33m[ WARN] (2026-04-19 18:44:10.810) OdometryF2M.cpp:626::computeTransform() Registration failed: "Not enough inliers 8/20 (matches=90) between -1 and 11" (guess=xyz=0.094541,0.008246,-0.002899 rpy=0.003109,-0.024723,0.140106)[0m
1776617054.7070425 [rgbd_odometry-7] [33m[ WARN] (2026-04-19 18:44:10.811) OdometryF2M.cpp:319::computeTransform() Failed to find a transformation with the provided guess (xyz=0.094541,0.008246,-0.002899 rpy=0.003109,-0.024723,0.140106), trying again without a guess.[0m
1776617054.7071137 [rgbd_odometry-7] [33m[ WARN] (2026-04-19 18:44:11.067) OdometryF2M.cpp:636::computeTransform() Trial with no guess succeeded![0m
1776617054.7071769 [rgbd_odometry-7] [33m[ WARN] (2026-04-19 18:44:11.262) OdometryF2M.cpp:626::computeTransform() Registration failed: "Not enough inliers 6/20 (matches=59) between -1 and 12" (guess=xyz=0.081914,0.009657,-0.003244 rpy=0.001023,-0.006273,0.112260)[0m
1776617054.7072346 [rgbd_odometry-7] [33m[ WARN] (2026-04-19 18:44:11.263) OdometryF2M.cpp:319::computeTransform() Failed to find a transformation with the provided guess (xyz=0.081914,0.009657,-0.003244 rpy=0.001023,-0.006273,0.112260), trying again without a guess.[0m
1776617054.7072887 [rgbd_odometry-7] [33m[ WARN] (2026-04-19 18:44:11.473) OdometryF2M.cpp:616::computeTransform() Trial with no guess still fail.[0m
1776617054.7073421 [rgbd_odometry-7] [33m[ WARN] (2026-04-19 18:44:11.473) OdometryF2M.cpp:626::computeTransform() Registration failed: "Not enough inliers 0/20 (matches=101) between -1 and 12" (guess=xyz=0.081914,0.009657,-0.003244 rpy=0.001023,-0.006273,0.112260)[0m
1776617054.7073946 [rgbd_odometry-7] [33m[ WARN] (2026-04-19 18:44:12.324) OdometryF2M.cpp:626::computeTransform() Registration failed: "Not enough inliers 6/20 (matches=53) between -1 and 7" (guess=xyz=0.041230,0.001790,-0.003606 rpy=0.006570,-0.002132,0.050303)[0m
1776617054.7074456 [rgbd_odometry-7] [33m[ WARN] (2026-04-19 18:44:12.324) OdometryF2M.cpp:319::computeTransform() Failed to find a transformation with the provided guess (xyz=0.041230,0.001790,-0.003606 rpy=0.006570,-0.002132,0.050303), trying again without a guess.[0m
1776617054.7074952 [rgbd_odometry-7] [33m[ WARN] (2026-04-19 18:44:12.409) OdometryF2M.cpp:616::computeTransform() Trial with no guess still fail.[0m
1776617054.7075443 [rgbd_odometry-7] [33m[ WARN] (2026-04-19 18:44:12.409) OdometryF2M.cpp:626::computeTransform() Registration failed: "Not enough inliers 0/20 (matches=7) between -1 and 7" (guess=xyz=0.041230,0.001790,-0.003606 rpy=0.006570,-0.002132,0.050303)[0m
1776617054.7075934 [rgbd_odometry-7] [33m[ WARN] (2026-04-19 18:44:13.274) OdometryF2M.cpp:626::computeTransform() Registration failed: "Not enough inliers 6/20 (matches=28) between -1 and 13" (guess=xyz=0.010492,-0.003143,-0.000378 rpy=0.005926,-0.000172,0.016754)[0m
1776617054.7076416 [rgbd_odometry-7] [33m[ WARN] (2026-04-19 18:44:13.274) OdometryF2M.cpp:319::computeTransform() Failed to find a transformation with the provided guess (xyz=0.010492,-0.003143,-0.000378 rpy=0.005926,-0.000172,0.016754), trying again without a guess.[0m
1776617054.7076900 [rgbd_odometry-7] [33m[ WARN] (2026-04-19 18:44:13.315) OdometryF2M.cpp:616::computeTransform() Trial with no guess still fail.[0m
1776617054.7077389 [rgbd_odometry-7] [33m[ WARN] (2026-04-19 18:44:13.315) OdometryF2M.cpp:626::computeTransform() Registration failed: "Not enough inliers 0/20 (matches=15) between -1 and 13" (guess=xyz=0.010492,-0.003143,-0.000378 rpy=0.005926,-0.000172,0.016754)[0m
1776617054.7082040 [rtabmap-8] [33m[ WARN] (2026-04-19 18:44:09.728) Rtabmap.cpp:3885::process() Rejecting all added loop closures (1, first is 257 <-> 202) in this iteration because a wrong loop closure has been detected after graph optimization, resulting in a maximum graph error ratio of 0.515729 (edge 112->113, type=0, abs error=32.450908 deg, stddev=0.134350). The maximum error ratio parameter "RGBD/OptimizeMaxError" is 0.500000 of std deviation.[0m
1776617054.7082908 [rtabmap-8] [33m[ WARN] (2026-04-19 18:44:09.728) Rtabmap.cpp:3923::process() Loop closure 257->202 rejected![0m
1776617054.7083461 [rtabmap-8] [33m[ WARN] (2026-04-19 18:44:11.037) MsgConversion.cpp:2010::getTransform() (getting transform base_link -> rover/base_link/imu_sensor) "rover/base_link/imu_sensor" passed to lookupTransform argument source_frame does not exist.  (wait_for_transform=0.200000)[0m
1776617054.7083979 [rtabmap-8] [33m[ WARN] (2026-04-19 18:44:12.154) MsgConversion.cpp:2010::getTransform() (getting transform base_link -> rover/base_link/imu_sensor) "rover/base_link/imu_sensor" passed to lookupTransform argument source_frame does not exist.  (wait_for_transform=0.200000)[0m
1776617054.7084479 [rtabmap-8] [33m[ WARN] (2026-04-19 18:44:13.272) MsgConversion.cpp:2010::getTransform() (getting transform base_link -> rover/base_link/imu_sensor) "rover/base_link/imu_sensor" passed to lookupTransform argument source_frame does not exist.  (wait_for_transform=0.200000)[0m
1776617054.7084970 [rtabmap-8] [33m[ WARN] (2026-04-19 18:44:14.441) MsgConversion.cpp:2010::getTransform() (getting transform base_link -> rover/base_link/imu_sensor) "rover/base_link/imu_sensor" passed to lookupTransform argument source_frame does not exist.  (wait_for_transform=0.200000)[0m
1776617059.7065842 [rgbd_odometry-7] [33m[ WARN] (2026-04-19 18:44:17.960) OdometryF2M.cpp:626::computeTransform() Registration failed: "Not enough inliers 8/20 (matches=132) between -1 and 47" (guess=xyz=0.001425,0.000262,-0.000741 rpy=-0.005304,0.014704,-0.012276)[0m
1776617059.7067316 [rgbd_odometry-7] [33m[ WARN] (2026-04-19 18:44:17.961) OdometryF2M.cpp:319::computeTransform() Failed to find a transformation with the provided guess (xyz=0.001425,0.000262,-0.000741 rpy=-0.005304,0.014704,-0.012276), trying again without a guess.[0m
1776617059.7067959 [rgbd_odometry-7] [33m[ WARN] (2026-04-19 18:44:18.168) OdometryF2M.cpp:636::computeTransform() Trial with no guess succeeded![0m
1776617059.7082975 [rtabmap-8] [33m[ WARN] (2026-04-19 18:44:15.741) MsgConversion.cpp:2010::getTransform() (getting transform base_link -> rover/base_link/imu_sensor) "rover/base_link/imu_sensor" passed to lookupTransform argument source_frame does not exist.  (wait_for_transform=0.200000)[0m
1776617059.7084131 [rtabmap-8] [33m[ WARN] (2026-04-19 18:44:17.187) MsgConversion.cpp:2010::getTransform() (getting transform base_link -> rover/base_link/imu_sensor) "rover/base_link/imu_sensor" passed to lookupTransform argument source_frame does not exist.  (wait_for_transform=0.200000)[0m
1776617059.7084603 [rtabmap-8] [33m[ WARN] (2026-04-19 18:44:18.540) MsgConversion.cpp:2010::getTransform() (getting transform base_link -> rover/base_link/imu_sensor) "rover/base_link/imu_sensor" passed to lookupTransform argument source_frame does not exist.  (wait_for_transform=0.200000)[0m
1776617059.7084956 [rtabmap-8] [33m[ WARN] (2026-04-19 18:44:18.717) Rtabmap.cpp:3848::process() Rejecting all added loop closures (1, first is 264 <-> 26) in this iteration because a wrong loop closure has been detected after graph optimization, resulting in a maximum graph error ratio of 1.331462 (edge 229->230, type=0, abs error=0.127519 m, stddev=0.075865). The maximum error ratio parameter "RGBD/OptimizeMaxError" is 0.500000 of std deviation.[0m
1776617059.7085268 [rtabmap-8] [33m[ WARN] (2026-04-19 18:44:18.717) Rtabmap.cpp:3885::process() Rejecting all added loop closures (1, first is 264 <-> 26) in this iteration because a wrong loop closure has been detected after graph optimization, resulting in a maximum graph error ratio of 0.501298 (edge 143->144, type=0, abs error=35.613296 deg, stddev=0.109636). The maximum error ratio parameter "RGBD/OptimizeMaxError" is 0.500000 of std deviation.[0m
1776617059.7085545 [rtabmap-8] [33m[ WARN] (2026-04-19 18:44:18.717) Rtabmap.cpp:3923::process() Loop closure 264->26 rejected![0m
1776617064.7066936 [rgbd_odometry-7] [33m[ WARN] (2026-04-19 18:44:21.479) OdometryF2M.cpp:626::computeTransform() Registration failed: "Not enough inliers 6/20 (matches=114) between -1 and 71" (guess=xyz=0.028593,0.000243,0.000276 rpy=0.001942,0.003583,-0.017762)[0m
1776617064.7068100 [rgbd_odometry-7] [33m[ WARN] (2026-04-19 18:44:21.480) OdometryF2M.cpp:319::computeTransform() Failed to find a transformation with the provided guess (xyz=0.028593,0.000243,0.000276 rpy=0.001942,0.003583,-0.017762), trying again without a guess.[0m
1776617064.7068479 [rgbd_odometry-7] [33m[ WARN] (2026-04-19 18:44:21.756) OdometryF2M.cpp:636::computeTransform() Trial with no guess succeeded![0m
1776617064.7068768 [rgbd_odometry-7] [33m[ WARN] (2026-04-19 18:44:22.446) OdometryF2M.cpp:626::computeTransform() Registration failed: "Not enough inliers 7/20 (matches=158) between -1 and 74" (guess=xyz=0.013922,0.005910,0.010113 rpy=0.008711,0.004718,-0.040689)[0m
1776617064.7069161 [rgbd_odometry-7] [33m[ WARN] (2026-04-19 18:44:22.446) OdometryF2M.cpp:319::computeTransform() Failed to find a transformation with the provided guess (xyz=0.013922,0.005910,0.010113 rpy=0.008711,0.004718,-0.040689), trying again without a guess.[0m
1776617064.7069378 [rgbd_odometry-7] [33m[ WARN] (2026-04-19 18:44:22.644) OdometryF2M.cpp:616::computeTransform() Trial with no guess still fail.[0m
1776617064.7069590 [rgbd_odometry-7] [33m[ WARN] (2026-04-19 18:44:22.644) OdometryF2M.cpp:626::computeTransform() Registration failed: "Not enough inliers 0/20 (matches=81) between -1 and 74" (guess=xyz=0.013922,0.005910,0.010113 rpy=0.008711,0.004718,-0.040689)[0m
1776617064.7069829 [rgbd_odometry-7] [33m[ WARN] (2026-04-19 18:44:23.798) OdometryF2M.cpp:626::computeTransform() Registration failed: "Not enough inliers 6/20 (matches=93) between -1 and 11" (guess=xyz=0.092297,0.006740,-0.029625 rpy=-0.036188,-0.104050,0.200773)[0m
1776617064.7070079 [rgbd_odometry-7] [33m[ WARN] (2026-04-19 18:44:23.799) OdometryF2M.cpp:319::computeTransform() Failed to find a transformation with the provided guess (xyz=0.092297,0.006740,-0.029625 rpy=-0.036188,-0.104050,0.200773), trying again without a guess.[0m
1776617064.7070336 [rgbd_odometry-7] [33m[ WARN] (2026-04-19 18:44:23.862) OdometryF2M.cpp:616::computeTransform() Trial with no guess still fail.[0m
1776617064.7070611 [rgbd_odometry-7] [33m[ WARN] (2026-04-19 18:44:23.862) OdometryF2M.cpp:626::computeTransform() Registration failed: "Not enough inliers 0/20 (matches=27) between -1 and 11" (guess=xyz=0.092297,0.006740,-0.029625 rpy=-0.036188,-0.104050,0.200773)[0m
1776617064.7083671 [rtabmap-8] [33m[ WARN] (2026-04-19 18:44:19.877) MsgConversion.cpp:2010::getTransform() (getting transform base_link -> rover/base_link/imu_sensor) "rover/base_link/imu_sensor" passed to lookupTransform argument source_frame does not exist.  (wait_for_transform=0.200000)[0m
1776617064.7084775 [rtabmap-8] [33m[ WARN] (2026-04-19 18:44:20.047) Rtabmap.cpp:3848::process() Rejecting all added loop closures (1, first is 265 <-> 26) in this iteration because a wrong loop closure has been detected after graph optimization, resulting in a maximum graph error ratio of 1.765949 (edge 229->230, type=0, abs error=0.169131 m, stddev=0.075865). The maximum error ratio parameter "RGBD/OptimizeMaxError" is 0.500000 of std deviation.[0m
1776617064.7085247 [rtabmap-8] [33m[ WARN] (2026-04-19 18:44:20.047) Rtabmap.cpp:3885::process() Rejecting all added loop closures (1, first is 265 <-> 26) in this iteration because a wrong loop closure has been detected after graph optimization, resulting in a maximum graph error ratio of 0.501756 (edge 143->144, type=0, abs error=35.645794 deg, stddev=0.109636). The maximum error ratio parameter "RGBD/OptimizeMaxError" is 0.500000 of std deviation.[0m
1776617064.7085583 [rtabmap-8] [33m[ WARN] (2026-04-19 18:44:20.047) Rtabmap.cpp:3923::process() Loop closure 265->26 rejected![0m
1776617064.7085907 [rtabmap-8] [33m[ WARN] (2026-04-19 18:44:21.252) MsgConversion.cpp:2010::getTransform() (getting transform base_link -> rover/base_link/imu_sensor) "rover/base_link/imu_sensor" passed to lookupTransform argument source_frame does not exist.  (wait_for_transform=0.200000)[0m
1776617064.7086394 [rtabmap-8] [33m[ WARN] (2026-04-19 18:44:22.744) MsgConversion.cpp:2010::getTransform() (getting transform base_link -> rover/base_link/imu_sensor) "rover/base_link/imu_sensor" passed to lookupTransform argument source_frame does not exist.  (wait_for_transform=0.200000)[0m
1776617064.7086685 [rtabmap-8] [33m[ WARN] (2026-04-19 18:44:24.157) MsgConversion.cpp:2010::getTransform() (getting transform base_link -> rover/base_link/imu_sensor) "rover/base_link/imu_sensor" passed to lookupTransform argument source_frame does not exist.  (wait_for_transform=0.200000)[0m
1776617069.7086341 [rtabmap-8] [33m[ WARN] (2026-04-19 18:44:25.543) MsgConversion.cpp:2010::getTransform() (getting transform base_link -> rover/base_link/imu_sensor) "rover/base_link/imu_sensor" passed to lookupTransform argument source_frame does not exist.  (wait_for_transform=0.200000)[0m
1776617069.7088110 [rtabmap-8] [33m[ WARN] (2026-04-19 18:44:26.853) MsgConversion.cpp:2010::getTransform() (getting transform base_link -> rover/base_link/imu_sensor) "rover/base_link/imu_sensor" passed to lookupTransform argument source_frame does not exist.  (wait_for_transform=0.200000)[0m
1776617069.7088785 [rtabmap-8] [33m[ WARN] (2026-04-19 18:44:26.979) Rtabmap.cpp:3069::process() Rejected loop closure 260 -> 270: Not enough inliers 0/20 (matches=17) between 260 and 270[0m
1776617069.7089581 [rtabmap-8] [33m[ WARN] (2026-04-19 18:44:28.395) MsgConversion.cpp:2010::getTransform() (getting transform base_link -> rover/base_link/imu_sensor) "rover/base_link/imu_sensor" passed to lookupTransform argument source_frame does not exist.  (wait_for_transform=0.200000)[0m
1776617069.7090166 [rtabmap-8] [33m[ WARN] (2026-04-19 18:44:28.593) Rtabmap.cpp:3885::process() Rejecting all added loop closures (1, first is 271 <-> 230) in this iteration because a wrong loop closure has been detected after graph optimization, resulting in a maximum graph error ratio of 0.515730 (edge 112->113, type=0, abs error=32.450971 deg, stddev=0.134350). The maximum error ratio parameter "RGBD/OptimizeMaxError" is 0.500000 of std deviation.[0m
1776617069.7090709 [rtabmap-8] [33m[ WARN] (2026-04-19 18:44:28.593) Rtabmap.cpp:3923::process() Loop closure 271->230 rejected![0m
1776617074.7086387 [rtabmap-8] [33m[ WARN] (2026-04-19 18:44:29.754) MsgConversion.cpp:2010::getTransform() (getting transform base_link -> rover/base_link/imu_sensor) "rover/base_link/imu_sensor" passed to lookupTransform argument source_frame does not exist.  (wait_for_transform=0.200000)[0m
1776617074.7087815 [rtabmap-8] [33m[ WARN] (2026-04-19 18:44:29.896) Rtabmap.cpp:3069::process() Rejected loop closure 18 -> 272: Not enough inliers 0/20 (matches=15) between 18 and 272[0m
1776617074.7088466 [rtabmap-8] [33m[ WARN] (2026-04-19 18:44:31.369) MsgConversion.cpp:2010::getTransform() (getting transform base_link -> rover/base_link/imu_sensor) "rover/base_link/imu_sensor" passed to lookupTransform argument source_frame does not exist.  (wait_for_transform=0.200000)[0m
1776617074.7089641 [rtabmap-8] [33m[ WARN] (2026-04-19 18:44:31.512) Rtabmap.cpp:3069::process() Rejected loop closure 18 -> 273: Not enough inliers 0/20 (matches=17) between 18 and 273[0m
1776617074.7090585 [rtabmap-8] [33m[ WARN] (2026-04-19 18:44:32.762) MsgConversion.cpp:2010::getTransform() (getting transform base_link -> rover/base_link/imu_sensor) "rover/base_link/imu_sensor" passed to lookupTransform argument source_frame does not exist.  (wait_for_transform=0.200000)[0m
1776617074.7090936 [rtabmap-8] [33m[ WARN] (2026-04-19 18:44:32.949) Rtabmap.cpp:3848::process() Rejecting all added loop closures (1, first is 274 <-> 56) in this iteration because a wrong loop closure has been detected after graph optimization, resulting in a maximum graph error ratio of 1.136936 (edge 231->232, type=0, abs error=0.108007 m, stddev=0.075250). The maximum error ratio parameter "RGBD/OptimizeMaxError" is 0.500000 of std deviation.[0m
1776617074.7091339 [rtabmap-8] [33m[ WARN] (2026-04-19 18:44:32.949) Rtabmap.cpp:3923::process() Loop closure 274->56 rejected![0m
1776617074.7091575 [rtabmap-8] [33m[ WARN] (2026-04-19 18:44:34.341) MsgConversion.cpp:2010::getTransform() (getting transform base_link -> rover/base_link/imu_sensor) "rover/base_link/imu_sensor" passed to lookupTransform argument source_frame does not exist.  (wait_for_transform=0.200000)[0m
1776617074.7091784 [rtabmap-8] [33m[ WARN] (2026-04-19 18:44:34.536) Rtabmap.cpp:3885::process() Rejecting all added loop closures (1, first is 275 <-> 220) in this iteration because a wrong loop closure has been detected after graph optimization, resulting in a maximum graph error ratio of 0.515730 (edge 112->113, type=0, abs error=32.450946 deg, stddev=0.134350). The maximum error ratio parameter "RGBD/OptimizeMaxError" is 0.500000 of std deviation.[0m
1776617074.7091985 [rtabmap-8] [33m[ WARN] (2026-04-19 18:44:34.536) Rtabmap.cpp:3923::process() Loop closure 275->220 rejected![0m
1776617075.9791000 [WARNING] [launch]: user interrupted with ctrl-c (SIGINT)
1776617076.0099559 [ERROR] [exploration_sm-25]: process has died [pid 330833, exit code -2, cmd '/home/ainara/unileon/TFM/ros2_ws/install/vlm_rover_exploration/lib/vlm_rover_exploration/exploration_sm --ros-args -r __node:=exploration_sm'].
1776617076.1602931 [rgbd_odometry-7] [33m[ WARN] (2026-04-19 18:44:35.341) OdometryF2M.cpp:626::computeTransform() Registration failed: "Not enough inliers 8/20 (matches=86) between -1 and 70" (guess=xyz=0.089590,0.005486,-0.001229 rpy=0.006479,0.003363,0.092078)[0m
1776617076.1604655 [rgbd_odometry-7] [33m[ WARN] (2026-04-19 18:44:35.341) OdometryF2M.cpp:319::computeTransform() Failed to find a transformation with the provided guess (xyz=0.089590,0.005486,-0.001229 rpy=0.006479,0.003363,0.092078), trying again without a guess.[0m
1776617076.1605434 [rgbd_odometry-7] [33m[ WARN] (2026-04-19 18:44:35.596) OdometryF2M.cpp:636::computeTransform() Trial with no guess succeeded![0m
1776617076.1606135 [rgbd_odometry-7] [33m[ WARN] (2026-04-19 18:44:35.682) OdometryF2M.cpp:626::computeTransform() Registration failed: "Not enough inliers 6/20 (matches=95) between -1 and 71" (guess=xyz=0.144035,0.005819,-0.001572 rpy=0.006787,0.001514,0.087829)[0m
1776617076.1606777 [rgbd_odometry-7] [33m[ WARN] (2026-04-19 18:44:35.682) OdometryF2M.cpp:319::computeTransform() Failed to find a transformation with the provided guess (xyz=0.144035,0.005819,-0.001572 rpy=0.006787,0.001514,0.087829), trying again without a guess.[0m
1776617076.1607571 [rgbd_odometry-7] [33m[ WARN] (2026-04-19 18:44:35.952) OdometryF2M.cpp:636::computeTransform() Trial with no guess succeeded![0m
1776617076.2033298 [WARNING] [launch]: user interrupted with ctrl-c (SIGINT) again, ignoring...
1776617076.2071152 [ERROR] [lifecycle_manager-16]: process has died [pid 329125, exit code -2, cmd '/opt/ros/jazzy/lib/nav2_lifecycle_manager/lifecycle_manager --ros-args -r __node:=lifecycle_manager_navigation --params-file /tmp/launch_params_3tr7uqs4 --params-file /tmp/launch_params_zjpds6bt --params-file /tmp/launch_params_f_zyu7io'].
1776617076.2119699 [ERROR] [joint_state_publisher-6]: process has died [pid 329115, exit code -2, cmd '/opt/ros/jazzy/lib/joint_state_publisher/joint_state_publisher --ros-args -r __node:=joint_state_publisher --params-file /tmp/launch_params_q8yo0xq_ -r /tf:=tf -r /tf_static:=tf_static'].
1776617076.2127442 [ERROR] [controller_server-10]: process has died [pid 329119, exit code -2, cmd '/opt/ros/jazzy/lib/nav2_controller/controller_server --ros-args --params-file /tmp/tmp305w_dzz -r /tf:=tf -r /tf_static:=tf_static -r /cmd_vel:=cmd_vel'].
1776617076.2130713 [ERROR] [bt_navigator-14]: process has died [pid 329123, exit code -2, cmd '/opt/ros/jazzy/lib/nav2_bt_navigator/bt_navigator --ros-args -r __node:=bt_navigator --params-file /tmp/tmp2o7rcv6n -r /tf:=tf -r /tf_static:=tf_static -r /cmd_vel:=cmd_vel'].
1776617076.2171235 [ERROR] [yasmin_viewer_node-21]: process has died [pid 329130, exit code -2, cmd '/home/ainara/unileon/TFM/ros2_ws/install/yasmin_viewer/lib/yasmin_viewer/yasmin_viewer_node --ros-args -r __node:=yasmin_viewer_node --params-file /tmp/launch_params_dfwlmqqj'].
1776617076.2260919 [ERROR] [rviz2-20]: process has died [pid 329129, exit code -2, cmd '/opt/ros/jazzy/lib/rviz2/rviz2 -d /home/ainara/unileon/TFM/ros2_ws/install/rover_gazebo/share/rover_gazebo/rviz/default.rviz --ros-args --log-level Error --ros-args -r __node:=rviz --params-file /tmp/launch_params_8rzoq5i6'].
1776617076.3105459 [ERROR] [rtabmap-8]: process has died [pid 329117, exit code -2, cmd '/opt/ros/jazzy/lib/rtabmap_slam/rtabmap -d --ros-args --log-level Error --ros-args --params-file /tmp/launch_params_9h9no2xe -r rgb/image:=camera/image_raw -r rgb/camera_info:=camera/camera_info -r depth/image:=camera/depth/image_raw -r imu:=imu -r odom:=odom -r goal:=goal_pose'].
1776617077.0345602 [ERROR] [llava_node-1]: process has died [pid 329109, exit code -2, cmd '/home/ainara/unileon/TFM/ros2_ws/install/llama_ros/lib/llama_ros/llava_node --ros-args -r __node:=llama_node -r __ns:=/llama --params-file /home/ainara/unileon/TFM/ros2_ws/install/vlm_rover_exploration_bringup/share/vlm_rover_exploration_bringup/models/InternVL3.yaml'].
1776617077.0969803 [ERROR] [gazebo-2]: process has died [pid 329110, exit code -2, cmd 'ruby /opt/ros/jazzy/opt/gz_tools_vendor/bin/gz sim /home/ainara/unileon/TFM/ros2_ws/install/rover_gazebo/share/rover_gazebo/worlds/moon.world -r --force-version 8'].
